Date,META,AAPL,AMZN,NFLX,GOOGL,MSFT,NVDA
2018-07-30,202.0,185.0,1760.0,380.0,1100.0,99.0,57.0
2018-07-31,202.17,184.66,1743.25,380.66,1091.79,96.63,55.27
2018-08-01,199.09,188.07,1752.62,378.8,1075.89,95.92,55.89
2018-08-02,201.82,188.34,1831.71,376.85,1081.52,96.85,54.95
2018-08-03,200.93,185.01,1811.34,362.32,1044.64,96.03,55.15
2018-08-06,196.55,190.31,1808.99,370.2,1054.19,95.92,56.88
2018-08-07,192.88,188.54,1823.25,367.11,1057.2,94.41,55.78
2018-08-08,193.81,185.05,1834.12,360.88,1075.34,95.17,58.1
2018-08-09,189.03,186.6,1815.47,350.95,1089.54,94.89,57.94
2018-08-10,184.51,181.75,1824.85,345.68,1094.66,93.72,56.59
2018-08-13,181.61,178.92,1827.98,347.62,1133.68,93.46,56.1
2018-08-14,181.14,179.68,1834.76,348.43,1125.87,95.94,56.19
2018-08-15,180.82,179.68,1796.41,350.07,1129.95,96.26,57.02
2018-08-16,178.23,176.93,1793.9,339.84,1108.31,97.06,56.63
2018-08-17,173.62,173.66,1838.07,332.28,1105.86,97.99,56.64
2018-08-20,171.88,175.12,1815.93,330.41,1123.96,100.35,56.24
2018-08-21,170.49,175.49,1856.98,338.35,1080.96,100.94,56.24
2018-08-22,170.29,179.59,1873.97,338.52,1052.96,102.07,56.03
2018-08-23,169.46,179.65,1879.8,337.73,1072.89,103.84,54.12
2018-08-24,168.23,178.7,1889.76,334.89,1081.11,105.38,54.1
2018-08-27,166.77,178.48,1903.89,344.32,1103.06,106.04,53.88
2018-08-28,168.94,176.86,1863.45,342.68,1099.08,104.22,54.21
2018-08-29,167.01,177.45,1895.87,345.54,1120.23,105.09,53.02
2018-08-30,166.13,170.44,1872.56,336.01,1139.05,105.15,52.97
2018-08-31,164.44,172.93,1858.31,331.72,1150.59,104.03,52.89
2018-09-03,166.38,169.45,1873.25,332.41,1148.75,103.86,53.62
2018-09-04,161.2,165.39,1889.56,330.05,1156.01,106.0,51.68
2018-09-05,158.25,165.16,1938.92,330.01,1127.96,107.27,51.25
2018-09-06,161.69,164.52,2006.48,324.09,1142.21,108.26,50.73
2018-09-07,160.02,162.39,2040.25,324.24,1155.89,106.47,51.41
2018-09-10,160.75,159.25,2004.45,320.21,1160.94,108.0,51.56
2018-09-11,161.88,157.61,1979.56,317.34,1181.59,110.22,52.1
2018-09-12,160.74,159.92,2003.99,299.85,1142.96,109.4,51.84
2018-09-13,159.51,157.2,2036.88,294.4,1136.04,110.98,52.52
2018-09-14,161.15,159.19,2022.13,292.83,1135.08,109.42,51.77
2018-09-17,159.38,160.22,1994.84,287.2,1105.19,106.49,51.69
2018-09-18,160.85,161.82,2002.58,289.07,1085.45,104.6,51.36
2018-09-19,156.76,160.17,1978.71,285.07,1096.91,101.81,51.69
2018-09-20,154.29,158.74,1990.23,274.9,1101.98,103.12,52.34
2018-09-21,155.48,159.03,2021.67,269.64,1106.31,100.16,53.2
2018-09-24,152.91,156.51,2001.65,276.84,1121.26,99.31,52.26
2018-09-25,154.75,157.73,2049.81,274.34,1102.69,98.02,52.31
2018-09-26,157.04,156.1,2108.74,272.74,1099.3,99.22,51.18
2018-09-27,156.24,157.35,2046.08,274.51,1082.34,98.42,51.0
2018-09-28,150.29,153.94,2089.15,271.99,1089.23,98.14,48.95
2018-10-01,149.61,155.91,2075.01,265.43,1093.09,98.02,49.23
2018-10-02,153.46,156.76,2061.76,258.56,1100.56,95.55,49.49
2018-10-03,152.93,155.33,2044.17,257.84,1094.2,94.65,49.15
2018-10-04,157.24,154.31,2078.18,262.46,1102.53,92.68,48.23
2018-10-05,152.05,154.31,2043.9,259.79,1132.12,94.56,47.64
2018-10-08,150.83,154.59,2033.84,251.15,1110.4,92.04,48.25
2018-10-09,150.47,156.13,2074.66,245.59,1122.04,93.43,48.1
2018-10-10,147.05,155.91,2041.75,245.39,1104.7,96.5,48.57
2018-10-11,146.01,158.9,2039.18,242.31,1091.51,98.94,46.88
2018-10-12,143.35,157.33,2017.54,243.59,1096.06,97.39,47.68
2018-10-15,148.12,162.09,2001.62,243.05,1109.28,97.52,47.9
2018-10-16,146.73,160.74,2030.95,239.65,1096.91,96.51,48.46
2018-10-17,145.96,157.11,1997.8,233.19,1092.98,98.05,48.3
2018-10-18,142.12,159.15,2021.5,235.6,1100.14,97.04,48.8
2018-10-19,137.94,161.17,2003.24,232.8,1112.25,96.4,48.53
2018-10-22,132.67,163.06,1981.15,235.46,1133.7,96.65,48.41
2018-10-23,129.73,165.56,1981.66,239.67,1132.62,94.67,46.63
2018-10-24,130.35,163.44,1981.83,235.88,1139.15,93.77,46.04
2018-10-25,131.18,162.09,2007.0,240.19,1142.96,92.37,45.83
2018-10-26,129.33,162.86,1970.14,236.66,1155.5,91.7,44.37
2018-10-29,128.56,163.32,1933.19,235.16,1164.38,90.88,43.81
2018-10-30,126.03,162.92,1954.55,234.6,1180.26,93.08,43.18
2018-10-31,127.04,165.48,1971.52,238.38,1181.24,93.51,43.04
2018-11-01,125.09,165.19,1973.22,234.85,1201.39,91.6,43.49
2018-11-02,125.17,163.86,1950.81,231.33,1238.23,91.68,42.96
2018-11-05,126.89,162.66,1958.96,227.5,1219.1,93.72,42.81
2018-11-06,124.27,161.97,1950.86,231.47,1218.7,95.28,42.0
2018-11-07,123.48,164.16,1949.15,229.88,1213.07,94.79,42.0
2018-11-08,119.2,161.93,1950.21,225.58,1210.64,95.84,41.99
2018-11-09,116.68,166.42,1973.81,223.48,1181.53,93.6,42.37
2018-11-12,117.24,166.05,2002.08,222.5,1153.16,94.21,41.88
2018-11-13,113.96,165.7,1992.8,213.02,1149.98,92.77,41.89
2018-11-14,112.04,172.78,1975.02,212.52,1162.25,94.53,41.87
2018-11-15,110.66,170.43,1973.11,210.58,1156.44,94.22,41.39
2018-11-16,109.81,169.87,1957.64,208.85,1142.58,93.61,40.03
2018-11-19,110.51,169.84,1965.95,204.67,1139.7,94.39,39.76
2018-11-20,113.08,169.79,1948.59,199.46,1150.83,94.85,38.7
2018-11-21,114.76,165.81,1985.96,194.8,1167.74,97.15,38.89
2018-11-22,115.6,166.02,2001.0,190.64,1171.81,97.46,39.41
2018-11-23,112.93,163.09,1997.74,189.51,1171.87,96.66,38.66
2018-11-26,109.71,158.96,1974.4,189.63,1197.29,96.93,38.79
2018-11-27,111.07,153.89,1970.49,189.78,1184.99,97.22,37.75
2018-11-28,110.46,156.74,1926.76,193.06,1186.0,99.18,37.78
2018-11-29,111.69,157.43,1877.7,187.96,1204.58,99.95,37.93
2018-11-30,112.32,157.15,1855.33,187.54,1178.19,99.99,38.01
2018-12-03,124.0,157.0,1500.0,233.0,1044.0,101.0,31.0
2018-12-04,129.42,159.59,1514.15,228.55,1034.51,100.93,31.93
2018-12-05,128.69,158.45,1539.83,231.21,1017.18,100.61,31.76
2018-12-06,129.9,159.67,1504.55,235.74,1017.61,99.53,32.23
2018-12-07,132.15,161.04,1482.93,239.96,1011.84,102.05,32.51
2018-12-10,135.14,156.58,1512.88,247.39,1020.3,101.43,33.08
2018-12-11,134.59,157.47,1505.31,247.52,1048.02,101.34,33.03
2018-12-12,138.03,154.03,1490.19,246.73,1062.96,102.42,34.5
2018-12-13,135.51,157.94,1487.74,247.82,1057.21,105.67,35.05
2018-12-14,136.04,156.47,1514.71,246.74,1051.35,103.58,35.24
2018-12-17,136.84,157.43,1480.51,255.48,1039.7,102.94,35.95
2018-12-18,136.84,160.45,1423.04,260.5,1073.14,102.75,37.48
2018-12-19,138.36,158.19,1406.91,254.05,1052.98,100.71,37.88
2018-12-20,143.26,156.13,1410.92,254.09,1054.1,102.97,37.96
2018-12-21,141.79,154.87,1404.34,256.72,1043.1,100.58,38.35
2018-12-24,146.04,159.11,1388.85,250.52,1036.57,102.99,39.36
2018-12-25,144.36,156.31,1363.56,256.08,1010.46,103.0,40.87
2018-12-26,146.94,156.11,1403.8,254.82,1023.65,103.16,40.5
2018-12-27,149.14,156.18,1424.37,251.24,1032.31,104.61,41.44
2018-12-28,150.64,156.04,1449.83,250.85,1046.42,105.59,40.8
2018-12-31,150.28,156.02,1466.15,247.72,1039.88,106.6,41.09
2019-01-01,151.85,154.64,1485.95,252.14,1040.52,106.72,41.51
2019-01-02,152.09,152.56,1501.66,254.57,1036.81,107.06,40.77
2019-01-03,152.55,151.9,1495.73,253.43,1042.89,107.42,40.3
2019-01-04,150.52,147.33,1514.1,250.93,1062.47,107.66,40.78
2019-01-07,152.01,151.5,1535.47,251.98,1072.75,108.73,42.69
2019-01-08,155.37,149.98,1567.36,247.98,1060.07,108.96,43.47
2019-01-09,157.53,149.03,1588.42,249.13,1054.68,108.26,43.33
2019-01-10,157.44,147.49,1616.02,246.87,1037.79,108.32,43.69
2019-01-11,159.89,148.36,1640.23,248.71,1021.58,110.29,44.05
2019-01-14,162.36,145.89,1676.81,252.94,1035.24,109.44,44.48
2019-01-15,163.1,142.72,1676.43,252.97,1015.98,107.98,44.94
2019-01-16,164.7,143.8,1692.51,253.93,1011.98,107.11,46.35
2019-01-17,163.83,143.92,1700.43,255.64,1010.19,111.6,46.68
2019-01-18,163.56,142.18,1719.81,259.95,1014.85,110.74,48.32
2019-01-21,169.06,144.8,1710.29,263.94,1009.98,107.23,49.68
2019-01-22,169.46,145.46,1706.04,266.79,995.57,108.55,50.21
2019-01-23,171.81,146.28,1741.34,269.25,1001.68,107.72,51.37
2019-01-24,171.01,144.59,1712.94,265.17,994.87,110.18,51.07
2019-01-25,171.45,142.44,1709.21,257.76,1031.72,110.72,52.02
2019-01-28,171.09,142.2,1701.32,253.89,1055.23,109.86,52.32
2019-01-29,173.05,140.23,1705.7,267.54,1054.1,107.26,51.64
2019-01-30,177.61,140.09,1701.79,268.64,1023.87,105.86,52.19
2019-01-31,176.07,141.49,1694.97,266.45,1007.73,106.83,53.13
2019-02-01,182.88,143.44,1704.76,269.28,1025.96,105.38,54.82
2019-02-04,184.77,143.39,1686.63,270.28,1030.61,106.27,55.07
2019-02-05,186.45,143.28,1691.2,273.48,1050.04,104.39,54.63
2019-02-06,188.14,143.65,1699.27,276.99,1052.09,105.46,54.75
2019-02-07,187.51,143.92,1738.19,273.81,1091.38,107.2,54.45
2019-02-08,184.63,141.74,1716.53,271.2,1045.25,107.57,54.23
2019-02-11,184.38,138.32,1727.33,276.4,1054.12,105.06,55.2
2019-02-12,186.59,140.4,1768.57,272.95,1066.06,101.83,55.27
2019-02-13,189.1,139.69,1791.25,274.56,1044.32,100.6,55.36
2019-02-14,184.91,138.57,1782.72,272.77,1049.03,100.61,56.88
2019-02-15,185.68,139.67,1762.17,275.14,1064.62,98.73,57.03
2019-02-18,185.69,141.64,1726.29,279.07,1025.63,102.38,56.76
2019-02-19,182.48,144.19,1735.16,277.14,1046.44,104.97,56.85
2019-02-20,180.13,144.11,1753.66,282.73,1077.3,106.24,57.37
2019-02-21,177.56,141.32,1731.11,280.35,1085.23,109.89,59.05
2019-02-22,178.11,144.02,1734.74,277.7,1094.89,112.7,59.83
2019-02-25,176.54,142.11,1760.59,277.35,1094.99,114.45,60.01
2019-02-26,172.4,142.56,1749.05,278.46,1092.02,115.01,61.29
2019-02-27,171.16,141.62,1698.37,275.8,1106.28,116.81,59.94
2019-02-28,170.41,143.16,1639.67,264.4,1096.04,115.79,60.81
2019-03-01,169.26,149.77,1680.15,261.84,1061.14,116.82,62.15
2019-03-04,172.99,153.8,1698.05,263.54,1074.67,115.7,63.29
2019-03-05,173.67,155.18,1691.93,266.2,1064.64,115.1,63.13
2019-03-06,172.92,154.79,1708.49,267.12,1073.88,118.19,63.62
2019-03-07,173.35,156.42,1692.82,278.86,1073.31,119.74,64.82
2019-03-08,173.9,156.42,1763.73,282.05,1071.31,116.11,67.03
2019-03-11,171.09,156.43,1765.96,279.15,1068.02,118.16,68.67
2019-03-12,175.21,160.21,1747.62,279.75,1046.13,118.7,69.65
2019-03-13,177.72,159.61,1738.76,282.03,1060.09,119.12,69.3
2019-03-14,180.39,162.75,1709.22,285.57,1055.94,120.38,70.35
2019-03-15,180.84,163.46,1696.99,289.54,1080.67,120.0,70.46
2019-03-18,183.67,163.49,1709.95,292.61,1093.07,117.6,71.44
2019-03-19,181.48,163.4,1717.9,290.89,1101.52,119.09,73.17
2019-03-20,182.7,164.1,1745.72,298.27,1082.18,122.84,74.27
2019-03-21,189.27,164.75,1741.21,304.4,1092.42,123.57,75.68
2019-03-22,187.01,162.8,1696.02,305.31,1090.32,121.48,76.88
2019-03-25,187.27,164.54,1699.96,304.03,1076.07,121.9,76.41
2019-03-26,191.87,168.47,1710.25,308.41,1084.82,125.69,78.83
2019-03-27,196.58,171.17,1719.5,309.36,1102.98,127.96,78.52
2019-03-28,200.11,171.82,1749.88,305.24,1109.39,129.53,80.6
2019-03-29,202.73,174.85,1807.34,310.23,1121.22,127.58,80.46
2019-04-01,200.39,173.2,1799.4,310.36,1139.34,126.56,82.03
2019-04-02,199.07,171.67,1820.28,321.51,1123.2,128.89,84.2
2019-04-03,201.1,169.54,1822.77,306.2,1120.81,128.98,84.0
2019-04-04,201.09,167.45,1805.2,312.61,1124.44,129.77,84.99
2019-04-05,194.82,165.62,1812.56,310.55,1113.31,129.5,87.27
2019-04-08,193.14,165.95,1815.06,306.7,1124.51,127.72,89.33
2019-04-09,190.86,165.87,1769.08,309.55,1129.37,129.35,89.08
2019-04-10,192.97,165.09,1730.71,323.88,1114.66,130.34,87.99
2019-04-11,190.86,166.9,1787.62,318.77,1146.33,129.72,87.47
2019-04-12,187.83,166.63,1854.15,324.32,1143.84,128.06,89.26
2019-04-15,188.48,169.55,1868.42,330.59,1150.83,129.23,90.07
2019-04-16,188.98,173.91,1855.53,334.12,1170.92,132.71,91.22
2019-04-17,186.56,172.82,1879.18,331.76,1172.11,132.36,91.37
2019-04-18,185.35,178.07,1887.67,331.37,1169.12,131.21,91.72
2019-04-19,188.45,177.76,1851.34,343.33,1167.15,131.94,94.4
2019-04-22,189.66,177.8,1867.94,343.29,1164.18,127.83,94.01
2019-04-23,191.06,180.17,1888.58,345.54,1155.86,129.23,96.19
2019-04-24,191.56,176.13,1867.45,349.32,1139.16,127.72,96.28
2019-04-25,193.9,173.15,1849.87,355.03,1139.39,127.19,100.17
2019-04-26,200.23,173.08,1864.01,364.83,1124.89,122.34,103.3
2019-04-29,203.43,173.13,1877.12,375.18,1141.72,124.12,103.08
2019-04-30,210.66,168.91,1827.16,374.58,1132.22,125.97,104.23
2019-05-01,210.79,170.6,1805.81,368.91,1101.96,124.94,102.26
2019-05-02,210.92,169.52,1849.99,372.7,1093.32,126.47,105.63
2019-05-03,206.44,170.51,1840.35,365.71,1086.19,126.29,105.86
2019-05-06,200.67,169.44,1826.7,360.74,1074.48,126.2,109.07
2019-05-07,202.76,172.92,1785.28,359.13,1081.52,127.24,110.42
2019-05-08,202.26,171.04,1778.8,353.7,1098.12,128.45,112.23
2019-05-09,205.88,169.05,1766.1,351.19,1090.29,128.18,115.23
2019-05-10,208.31,164.47,1754.35,355.19,1119.34,127.93,118.32
2019-05-13,213.05,164.68,1730.24,359.28,1132.02,131.11,117.28
2019-05-14,217.01,166.83,1737.98,362.8,1145.42,132.06,116.71
2019-05-15,212.73,170.91,1782.99,359.94,1135.59,131.96,117.82
2019-05-16,214.51,171.09,1801.27,367.91,1136.9,134.88,118.99
2019-05-17,219.44,172.61,1831.46,373.75,1125.83,135.93,118.06
2019-05-20,217.53,170.69,1849.36,362.97,1096.09,135.87,121.29
2019-05-21,214.48,172.72,1810.64,362.37,1067.15,137.95,122.02
2019-05-22,211.79,174.81,1816.54,368.79,1066.48,141.15,127.03
2019-05-23,213.0,175.72,1835.45,367.86,1071.59,138.67,128.92
2019-05-24,209.69,173.27,1852.79,374.65,1077.32,137.34,131.2
2019-05-27,205.68,170.61,1844.17,375.66,1069.84,138.38,132.08
2019-05-28,205.33,172.93,1821.31,391.03,1070.05,139.57,134.16
2019-05-29,203.23,168.61,1875.99,390.86,1095.43,139.25,132.1
2019-05-30,200.28,172.77,1850.32,386.81,1097.77,132.93,133.23
2019-05-31,198.89,168.99,1873.26,388.11,1097.56,132.33,136.04
2019-06-03,196.6,171.05,1859.97,385.07,1114.91,135.03,138.86
2019-06-04,198.32,166.12,1889.69,384.08,1104.81,135.44,137.26
2019-06-05,199.53,167.14,1814.75,381.34,1115.34,136.63,139.95
2019-06-06,196.19,170.33,1866.92,376.16,1136.62,138.19,140.49
2019-06-07,194.51,173.06,1887.44,383.01,1131.48,140.37,137.78
2019-06-10,194.22,178.13,1913.93,383.88,1114.45,138.98,136.26
2019-06-11,193.85,183.42,1889.99,385.97,1087.86,141.23,137.23
2019-06-12,198.37,182.74,1847.63,377.1,1090.83,141.84,142.16
2019-06-13,197.12,178.85,1841.38,385.66,1098.74,139.82,141.26
2019-06-14,195.93,178.42,1816.69,375.29,1122.47,138.62,140.35
2019-06-17,194.16,174.55,1805.07,374.81,1112.13,139.93,140.91
2019-06-18,197.13,175.82,1755.77,375.89,1150.2,139.67,139.58
2019-06-19,200.36,173.0,1748.34,367.16,1120.62,143.94,141.9
2019-06-20,201.3,171.49,1750.61,376.98,1135.74,143.92,147.33
2019-06-21,198.02,168.93,1762.6,374.08,1145.58,144.69,150.82
2019-06-24,196.68,168.44,1735.62,371.66,1141.35,142.27,150.14
2019-06-25,201.06,168.64,1745.13,373.46,1126.44,139.05,152.07
2019-06-26,199.65,169.61,1703.18,378.79,1129.88,143.92,154.53
2019-06-27,202.64,173.88,1741.68,382.7,1132.95,145.85,150.46
2019-06-28,203.21,174.72,1770.21,378.84,1155.18,143.18,149.67
2019-07-01,198.0,198.0,1900.0,325.0,1143.0,136.0,163.0
2019-07-02,197.86,200.17,1893.79,319.5,1160.61,133.69,159.63
2019-07-03,199.65,197.1,1861.76,314.39,1157.17,134.17,159.15
2019-07-04,194.82,201.86,1852.89,313.98,1143.06,131.36,158.27
2019-07-05,198.7,203.79,1799.54,309.78,1128.85,134.52,160.63
2019-07-08,198.95,200.19,1780.12,301.6,1116.7,137.1,164.36
2019-07-09,197.28,199.55,1785.5,304.45,1102.85,135.11,160.51
2019-07-10,194.8,201.51,1753.33,305.49,1108.99,132.57,164.71
2019-07-11,197.4,203.91,1789.16,309.32,1128.81,129.29,164.49
2019-07-12,197.24,201.96,1765.41,309.17,1099.29,129.52,164.87
2019-07-15,194.4,203.51,1765.71,308.02,1105.16,129.18,167.62
2019-07-16,194.35,198.14,1749.29,306.17,1116.92,127.51,167.36
2019-07-17,201.58,194.41,1780.19,307.86,1110.86,130.88,169.92
2019-07-18,202.42,198.75,1796.9,301.66,1094.28,130.23,171.37
2019-07-19,199.07,204.45,1771.1,296.1,1077.42,134.91,175.01
2019-07-22,195.07,200.94,1778.61,299.66,1088.82,134.36,178.32
2019-07-23,198.07,202.59,1774.52,299.17,1093.4,134.55,185.37
2019-07-24,191.92,202.48,1765.05,299.33,1103.32,137.28,183.63
2019-07-25,186.2,205.89,1740.77,298.03,1047.09,134.1,186.28
2019-07-26,187.62,205.14,1801.0,293.14,1061.66,133.87,190.47
2019-07-29,183.82,212.05,1787.29,304.15,1059.93,134.65,187.87
2019-07-30,184.39,212.14,1762.05,309.0,1063.55,131.46,183.0
2019-07-31,183.6,210.29,1758.8,308.02,1044.15,134.79,182.83
2019-08-01,181.9,207.83,1771.55,309.9,1020.44,133.54,186.45
2019-08-02,178.89,205.43,1740.77,307.04,1013.33,135.51,186.5
2019-08-05,178.6,201.29,1743.19,299.86,1028.68,132.86,186.55
2019-08-06,181.7,202.43,1724.56,299.56,1036.61,135.69,192.97
2019-08-07,176.7,200.07,1733.39,297.19,1018.52,135.03,198.88
2019-08-08,178.5,201.0,1793.62,297.38,1006.16,136.99,195.68
2019-08-09,178.18,196.55,1779.74,295.53,1014.89,139.72,200.74
2019-08-12,169.93,199.51,1742.04,302.25,1022.13,140.19,201.19
2019-08-13,171.61,197.15,1717.17,297.53,1016.54,137.15,199.09
2019-08-14,170.11,199.36,1713.38,295.69,1015.83,136.93,198.5
2019-08-15,167.35,198.95,1680.07,293.17,1012.98,137.82,199.98
2019-08-16,169.67,200.22,1702.53,297.95,1002.72,135.34,195.88
2019-08-19,165.27,197.1,1701.56,295.5,1021.82,136.7,197.04
2019-08-20,164.66,200.55,1718.2,284.1,1023.88,136.86,194.18
2019-08-21,164.36,203.72,1743.91,284.39,1018.94,141.06,193.2
2019-08-22,162.85,202.24,1723.32,288.37,1011.4,142.17,193.31
2019-08-23,163.5,209.76,1725.93,285.57,1016.85,145.83,195.84
2019-08-26,163.98,213.24,1716.24,288.39,1000.2,145.72,201.73
2019-08-27,165.32,216.1,1687.38,286.89,1013.71,144.92,202.18
2019-08-28,160.1,215.09,1684.92,282.34,1033.11,141.98,202.53
2019-08-29,160.82,218.41,1638.79,283.15,1017.02,141.68,204.83
2019-08-30,161.36,218.93,1637.41,279.83,1016.38,142.56,210.49
2019-09-02,161.85,222.37,1680.54,285.82,1013.96,141.66,212.9
2019-09-03,159.38,223.36,1684.86,278.64,1045.04,143.97,211.35
2019-09-04,162.35,223.45,1700.18,281.88,1037.1,141.97,209.89
2019-09-05,162.82,218.8,1697.63,281.72,1046.83,142.46,210.86
2019-09-06,167.45,221.82,1714.57,284.73,1066.81,144.59,209.23
2019-09-09,166.92,219.22,1789.48,284.32,1042.21,145.62,213.05
2019-09-10,170.71,220.05,1790.7,282.36,1025.7,145.72,217.4
2019-09-11,166.5,221.45,1793.63,279.21,1020.28,145.81,221.61
2019-09-12,162.73,224.68,1770.65,282.14,1016.24,147.15,217.28
2019-09-13,156.03,231.59,1789.05,278.28,1020.6,144.19,218.49
2019-09-16,152.29,231.21,1776.31,270.37,996.48,144.94,216.74
2019-09-17,150.76,231.13,1770.43,267.23,967.44,145.62,214.2
2019-09-18,150.3,231.02,1825.13,262.46,952.54,139.63,217.25
2019-09-19,154.32,225.52,1800.81,260.22,964.52,139.16,224.16
2019-09-20,152.95,230.67,1805.95,262.99,945.45,135.18,225.0
2019-09-23,150.58,231.71,1793.67,260.49,961.86,132.33,227.53
2019-09-24,149.54,230.13,1746.9,256.99,967.45,129.11,227.37
2019-09-25,148.89,223.4,1722.16,250.56,986.14,129.47,225.24
2019-09-26,149.22,222.42,1753.13,255.15,1007.41,129.1,227.44
2019-09-27,149.22,228.68,1747.43,254.43,1002.39,128.8,227.25
2019-09-30,144.79,225.91,1733.05,262.97,1013.09,128.15,224.69
2019-10-01,141.97,224.03,1762.05,265.59,1002.34,127.6,221.58
2019-10-02,137.58,220.73,1777.85,256.95,984.56,129.66,215.49
2019-10-03,138.42,216.09,1785.44,255.18,969.43,130.26,219.3
2019-10-04,136.2,216.26,1803.58,259.96,984.31,129.55,223.65
2019-10-07,136.59,218.26,1816.3,257.92,998.1,136.02,224.81
2019-10-08,137.82,220.8,1797.78,253.04,1007.54,136.65,223.68
2019-10-09,137.21,215.7,1766.69,255.39,1022.93,137.23,227.44
2019-10-10,137.65,223.12,1794.46,251.64,1030.4,136.24,226.74
2019-10-11,136.59,223.41,1722.24,252.73,1031.82,137.06,227.07
2019-10-14,137.36,224.32,1715.65,256.13,1035.61,140.16,223.43
2019-10-15,139.71,222.25,1743.97,260.17,1030.93,142.96,219.64
2019-10-16,139.26,221.39,1757.15,269.39,1068.15,145.31,222.24
2019-10-17,134.74,223.22,1783.04,271.84,1057.43,143.69,224.76
2019-10-18,131.93,223.12,1796.41,269.44,1058.5,143.35,228.78
2019-10-21,132.72,224.84,1796.17,268.18,1049.42,146.74,231.58
2019-10-22,133.03,221.82,1798.0,265.04,1040.33,145.89,229.08
2019-10-23,131.3,221.61,1825.41,258.02,1033.21,143.71,229.33
2019-10-24,134.48,216.65,1806.39,251.03,1020.65,144.94,228.99
2019-10-25,133.6,214.99,1857.12,256.0,1056.41,146.59,227.38
2019-10-28,133.37,213.04,1850.0,258.45,1051.69,148.86,228.69
2019-10-29,132.98,215.16,1866.36,261.35,1082.43,150.16,222.63
2019-10-30,134.08,218.0,1830.7,260.97,1063.41,151.06,225.91
2019-10-31,133.51,219.73,1854.37,258.48,1078.17,150.18,229.65
2019-11-01,132.73,223.26,1834.09,253.92,1090.67,151.83,224.67
2019-11-04,135.19,225.93,1832.4,251.62,1088.78,152.0,222.51
2019-11-05,134.16,229.38,1855.8,254.86,1082.66,150.01,222.88
2019-11-06,135.25,225.44,1816.6,255.44,1100.53,150.26,223.85
2019-11-07,135.09,219.48,1836.06,252.28,1113.06,150.1,225.91
2019-11-08,139.03,217.13,1836.53,250.4,1151.46,153.57,227.24
2019-11-11,138.24,212.53,1830.25,243.55,1168.15,152.58,226.62
2019-11-12,135.37,215.18,1809.63,244.21,1197.98,151.42,227.99
2019-11-13,135.39,213.26,1801.41,249.82,1235.44,152.73,224.69
2019-11-14,137.21,208.78,1828.93,247.34,1233.71,153.35,226.92
2019-11-15,132.5,202.0,1824.94,250.69,1257.1,155.2,226.58
2019-11-18,129.71,204.19,1807.11,246.73,1311.99,154.37,223.76
2019-11-19,129.94,199.58,1851.64,249.43,1288.75,154.56,225.33
2019-11-20,127.09,208.06,1826.46,246.86,1308.78,156.52,223.88
2019-11-21,126.75,208.65,1859.44,249.74,1274.85,153.04,228.26
2019-11-22,128.01,213.76,1906.84,251.4,1287.74,152.76,227.25
2019-11-25,128.9,212.07,1854.17,248.94,1286.08,156.05,228.19
2019-11-26,126.26,211.15,1868.41,253.06,1299.48,155.72,231.0
2019-11-27,125.31,216.42,1853.04,247.75,1288.04,155.83,227.49
2019-11-28,123.97,219.1,1837.04,249.04,1270.45,155.86,230.94
2019-11-29,123.39,216.6,1817.99,246.15,1244.03,153.91,231.0
2019-12-02,124.36,222.33,1800.51,243.09,1232.2,148.58,229.79
2019-12-03,124.69,221.46,1787.05,256.53,1225.12,147.73,232.14
2019-12-04,123.27,214.84,1772.12,260.54,1223.63,146.11,236.05
2019-12-05,124.99,211.62,1776.29,267.44,1203.6,145.03,239.22
2019-12-06,126.78,211.58,1768.83,268.04,1214.04,151.18,239.47
2019-12-09,129.36,206.71,1758.64,264.63,1196.24,150.51,240.91
2019-12-10,129.8,205.06,1782.32,260.45,1207.68,148.17,250.95
2019-12-11,127.63,204.49,1801.58,262.4,1210.95,146.67,251.78
2019-12-12,124.77,201.1,1787.52,266.74,1217.9,147.33,252.66
2019-12-13,128.51,192.89,1795.33,278.98,1206.8,143.22,255.71
2019-12-16,129.46,194.07,1830.11,275.01,1185.79,145.23,254.56
2019-12-17,130.92,192.63,1801.13,286.73,1220.83,147.49,255.0
2019-12-18,126.69,195.9,1794.22,283.45,1224.02,151.33,257.9
2019-12-19,128.2,192.54,1762.76,286.83,1189.91,153.34,257.72
2019-12-20,125.67,192.27,1744.08,292.07,1197.46,152.77,256.15
2019-12-23,127.28,194.37,1746.24,293.03,1187.26,153.31,256.98
2019-12-24,131.67,197.46,1763.29,291.58,1187.31,151.19,253.45
2019-12-25,130.41,193.18,1787.17,287.49,1203.62,146.67,252.54
2019-12-26,130.73,195.54,1842.32,287.16,1207.67,147.16,253.78
2019-12-27,128.98,198.26,1863.06,287.07,1201.75,146.79,257.05
2019-12-30,130.04,197.51,1866.17,291.35,1215.78,146.65,253.8
2019-12-31,131.97,194.36,1888.19,288.42,1224.05,146.48,253.87
2020-01-01,131.76,195.89,1901.37,283.36,1197.69,147.48,257.9
2020-01-02,131.8,190.4,1859.86,284.22,1196.68,147.57,252.83
2020-01-03,128.81,195.87,1846.16,275.81,1198.83,148.55,257.03
2020-01-06,123.04,201.64,1879.81,274.77,1193.67,145.29,264.65
2020-01-07,123.68,204.5,1906.93,270.29,1217.19,147.37,260.75
2020-01-08,127.58,197.98,1899.1,268.61,1233.39,149.38,256.02
2020-01-09,129.37,194.92,1899.19,273.96,1239.47,154.02,255.31
2020-01-10,130.02,197.93,1932.26,271.14,1241.62,151.55,256.14
2020-01-13,132.27,196.03,1972.5,269.86,1256.36,148.14,258.04
2020-01-14,134.16,196.89,1956.73,273.03,1259.21,145.15,250.53
2020-01-15,133.46,195.39,1960.82,267.24,1264.83,147.66,245.32
2020-01-16,129.68,194.63,1970.27,272.26,1265.02,147.2,246.91
2020-01-17,129.46,192.67,2024.21,264.86,1271.43,142.75,253.07
2020-01-20,131.46,193.45,1989.72,274.67,1261.5,141.77,257.43
2020-01-21,132.68,193.75,1977.34,277.05,1283.42,142.82,254.18
2020-01-22,132.76,194.08,1975.81,277.29,1291.48,144.79,255.19
2020-01-23,138.6,192.36,1976.28,280.56,1295.16,147.2,253.44
2020-01-24,136.28,194.11,1967.81,282.49,1238.61,146.44,250.4
2020-01-27,132.06,194.32,1968.62,281.64,1214.67,150.16,253.85
2020-01-28,135.27,196.86,1983.51,279.18,1193.81,148.22,253.61
2020-01-29,132.19,193.64,2021.02,277.26,1175.62,149.39,249.67
2020-01-30,130.67,195.48,2041.43,281.92,1178.42,149.34,253.02
2020-01-31,132.18,196.0,2068.5,275.83,1158.84,150.6,251.17
2020-02-03,134.12,198.16,2084.02,269.21,1164.29,153.93,251.31
2020-02-04,135.41,198.45,2051.27,273.42,1161.76,151.04,252.22
2020-02-05,137.0,201.05,2032.78,263.16,1147.52,152.34,254.1
2020-02-06,138.15,198.85,2059.23,268.71,1158.44,154.4,255.87
2020-02-07,138.65,199.54,2086.5,277.42,1141.7,154.45,249.64
2020-02-10,135.75,197.3,2062.32,279.76,1132.59,150.31,253.79
2020-02-11,135.77,196.94,2086.72,271.15,1136.57,150.8,255.99
2020-02-12,132.54,198.11,2105.42,273.9,1127.31,150.81,253.83
2020-02-13,131.75,200.71,2163.14,275.39,1135.35,149.98,252.51
2020-02-14,132.72,205.72,2177.09,277.92,1140.09,150.68,254.62
2020-02-17,130.69,206.06,2148.94,279.51,1145.36,147.53,250.93
2020-02-18,132.02,208.66,2168.94,282.02,1164.73,146.81,250.68
2020-02-19,131.34,206.15,2132.14,280.94,1168.48,145.18,248.52
2020-02-20,131.48,211.18,2099.19,281.08,1178.06,146.4,238.21
2020-02-21,133.63,207.73,2087.97,279.27,1173.31,144.58,233.98
2020-02-24,135.39,211.12,2073.04,278.29,1157.62,146.33,227.03
2020-02-25,137.83,209.86,2076.19,280.97,1156.92,150.23,226.53
2020-02-26,138.57,207.02,2097.37,270.67,1142.45,149.5,227.75
2020-02-27,133.34,209.09,2128.27,273.91,1149.3,148.32,229.12
2020-02-28,130.67,209.35,2117.92,269.04,1132.81,149.0,223.05
2020-03-02,149.0,254.0,1900.0,349.0,1100.0,149.0,250.0
2020-03-03,148.25,255.73,1946.78,358.44,1098.03,149.7,255.07
2020-03-04,145.31,254.36,1959.62,361.87,1093.52,154.87,256.16
2020-03-05,147.6,255.97,1951.62,355.44,1108.35,153.24,257.2
2020-03-06,148.94,251.17,2010.08,353.2,1103.04,155.41,249.56
2020-03-09,149.81,243.85,2023.06,349.96,1128.87,156.16,257.33
2020-03-10,151.18,246.32,2087.42,342.31,1133.67,158.34,257.53
2020-03-11,152.7,246.36,2106.88,341.22,1156.1,156.93,255.49
2020-03-12,153.25,244.95,2046.0,343.81,1118.7,160.13,250.76
2020-03-13,154.79,244.81,2002.85,347.13,1124.43,161.84,249.27
2020-03-16,156.7,250.46,1900.14,344.62,1121.84,161.42,252.98
2020-03-17,157.21,249.16,1963.36,337.84,1119.54,163.88,255.9
2020-03-18,158.78,246.75,1958.36,339.81,1128.95,164.61,259.47
2020-03-19,162.66,246.52,1965.54,338.91,1148.81,171.47,254.21
2020-03-20,162.16,248.63,1965.42,331.11,1160.23,175.7,250.85
2020-03-23,161.62,243.96,1940.7,339.66,1162.96,179.25,251.73
2020-03-24,166.86,236.43,1936.24,336.87,1188.74,179.66,260.16
2020-03-25,168.12,240.62,1975.95,344.4,1210.89,179.19,262.69
2020-03-26,167.36,242.13,1985.96,346.02,1204.41,180.97,264.49
2020-03-27,167.21,243.79,2043.75,348.66,1237.75,182.01,264.68
2020-03-30,164.72,245.42,2044.82,352.67,1250.99,177.87,274.64
2020-03-31,165.66,244.82,2089.14,365.03,1243.09,177.61,275.85
2020-04-01,166.57,240.58,2103.62,371.09,1230.27,179.8,280.71
2020-04-02,171.27,240.63,2100.07,365.67,1225.6,180.39,275.49
2020-04-03,173.41,235.06,2089.92,377.1,1268.97,183.42,274.48
2020-04-06,176.24,227.88,2150.34,380.02,1242.6,182.31,277.58
2020-04-07,176.81,225.57,2137.99,376.43,1248.06,181.91,278.16
2020-04-08,176.41,220.68,2184.28,373.49,1251.11,178.45,280.68
2020-04-09,180.18,217.82,2168.76,379.7,1266.29,177.75,278.18
2020-04-10,183.82,213.0,2209.58,383.53,1258.07,177.59,280.88
2020-04-13,184.72,208.71,2225.0,383.62,1271.52,177.63,279.94
2020-04-14,185.28,205.46,2243.5,391.5,1301.16,180.52,279.99
2020-04-15,182.16,207.41,2214.17,379.58,1314.14,180.38,267.0
2020-04-16,178.89,211.37,2178.95,392.9,1314.93,179.36,264.56
2020-04-17,178.38,210.98,2185.69,399.26,1301.63,179.32,265.57
2020-04-20,176.67,211.82,2238.03,402.68,1330.45,182.2,262.87
2020-04-21,178.1,212.08,2254.46,397.68,1373.32,180.47,267.02
2020-04-22,177.78,210.14,2286.36,403.83,1388.54,185.38,265.75
2020-04-23,175.82,205.3,2277.49,391.13,1395.25,187.74,258.63
2020-04-24,182.38,205.42,2317.95,404.7,1411.26,185.61,256.02
2020-04-27,183.97,207.08,2380.64,415.42,1401.89,189.87,265.28
2020-04-28,181.98,208.03,2413.7,412.2,1392.89,191.39,265.3
2020-04-29,187.71,203.59,2451.51,404.36,1406.34,192.48,266.18
2020-04-30,190.42,197.53,2457.6,404.93,1423.43,192.24,270.38
2020-05-01,189.68,200.21,2508.27,412.3,1411.19,186.44,270.37
2020-05-04,192.15,196.29,2468.57,412.07,1423.7,191.22,266.28
2020-05-05,192.96,196.01,2494.34,415.77,1440.65,193.21,261.78
2020-05-06,193.26,187.25,2534.78,410.68,1445.72,193.18,263.46
2020-05-07,193.29,181.46,2484.75,408.42,1454.65,193.61,270.65
2020-05-08,192.78,183.82,2553.47,406.36,1441.06,195.25,270.37
2020-05-11,196.0,182.31,2613.09,404.01,1469.86,197.38,263.78
2020-05-12,198.68,188.96,2586.81,409.37,1520.19,195.13,260.32
2020-05-13,199.61,182.41,2605.06,405.13,1552.88,188.02,262.5
2020-05-14,199.93,180.72,2620.51,402.75,1560.96,193.2,261.59
2020-05-15,199.41,175.38,2610.13,404.98,1557.29,187.82,265.4
2020-05-18,197.08,173.8,2666.67,405.09,1559.44,187.15,267.25
2020-05-19,203.4,172.13,2630.92,410.88,1602.64,181.61,265.94
2020-05-20,205.59,173.17,2626.82,413.19,1585.37,183.56,261.16
2020-05-21,202.51,172.61,2579.13,422.46,1595.41,179.69,266.28
2020-05-22,208.82,173.85,2536.49,429.18,1583.5,178.57,265.55
2020-05-25,207.88,171.07,2586.61,437.21,1596.55,179.96,271.05
2020-05-26,209.03,170.86,2573.85,440.26,1595.94,179.28,278.45
2020-05-27,208.77,167.62,2505.39,445.22,1586.47,179.4,276.57
2020-05-28,212.66,164.04,2524.0,454.71,1601.31,182.65,284.21
2020-05-29,212.43,162.4,2522.6,454.67,1634.36,184.27,282.62
2020-06-01,213.27,165.27,2474.06,461.49,1620.84,183.05,283.41
2020-06-02,209.29,162.4,2468.63,468.03,1589.23,181.83,285.34
2020-06-03,211.2,164.1,2449.81,472.14,1608.06,180.39,292.61
2020-06-04,220.87,163.22,2400.24,464.07,1652.87,185.15,290.93
2020-06-05,223.2,164.28,2387.32,459.64,1710.52,180.42,289.22
2020-06-08,230.83,163.94,2405.47,470.24,1751.17,178.55,287.05
2020-06-09,243.11,163.16,2433.7,469.99,1713.21,181.76,294.75
2020-06-10,251.8,165.68,2457.15,457.57,1714.01,176.15,295.42
2020-06-11,245.18,168.43,2521.62,454.09,1713.33,172.53,292.57
2020-06-12,244.16,170.66,2532.95,442.81,1695.72,171.41,292.51
2020-06-15,245.2,168.73,2489.94,448.76,1705.04,174.51,293.91
2020-06-16,243.62,172.97,2450.32,444.95,1688.06,174.85,283.99
2020-06-17,241.42,170.85,2433.46,454.92,1672.21,177.1,285.92
2020-06-18,245.75,167.13,2441.1,446.42,1681.1,181.71,285.93
2020-06-19,250.66,165.89,2495.92,447.91,1636.29,179.1,286.19
2020-06-22,259.97,169.59,2581.02,444.03,1638.85,177.97,283.05
2020-06-23,259.36,170.16,2561.64,443.98,1628.43,174.21,278.39
2020-06-24,260.73,171.74,2656.34,436.02,1665.68,177.35,274.38
2020-06-25,260.79,166.47,2672.75,432.0,1641.65,177.2,271.0
2020-06-26,263.95,167.18,2674.54,427.2,1667.78,179.37,271.87
2020-06-29,263.06,167.95,2709.2,417.07,1596.91,175.69,274.56
2020-06-30,265.25,166.46,2762.25,418.3,1581.47,174.7,277.3
2020-07-01,258.92,163.91,2725.32,416.42,1603.75,174.34,284.69
2020-07-02,260.65,162.74,2738.01,410.5,1603.26,175.19,279.73
2020-07-03,260.18,158.77,2756.53,415.46,1609.94,181.51,281.67
2020-07-06,259.93,155.39,2720.14,412.06,1615.99,181.82,282.54
2020-07-07,255.37,154.6,2708.23,411.1,1605.37,182.66,290.38
2020-07-08,255.45,156.17,2616.08,408.86,1593.97,181.28,286.9
2020-07-09,261.23,155.44,2573.74,414.05,1608.61,186.3,289.61
2020-07-10,256.23,154.45,2583.92,426.42,1628.21,187.39,290.38
2020-07-13,259.64,153.9,2574.38,416.58,1681.57,192.3,283.24
2020-07-14,266.78,152.29,2613.15,407.91,1695.27,194.38,293.77
2020-07-15,269.14,152.5,2593.97,397.46,1666.53,191.57,304.24
2020-07-16,263.75,151.82,2655.42,405.39,1701.83,193.62,299.08
2020-07-17,265.04,151.75,2753.16,404.4,1693.06,193.65,300.16
2020-07-20,256.84,146.61,2776.87,412.03,1664.28,193.7,295.28
2020-07-21,263.05,143.23,2695.38,426.8,1693.04,196.78,296.11
2020-07-22,261.46,143.25,2731.41,429.86,1642.11,197.93,301.14
2020-07-23,270.47,147.53,2786.14,423.19,1629.07,192.94,298.19
2020-07-24,271.48,146.32,2815.72,429.42,1620.11,196.28,296.91
2020-07-27,276.14,145.53,2759.56,432.72,1596.28,195.2,301.09
2020-07-28,276.89,141.15,2704.93,426.07,1553.42,197.64,306.76
2020-07-29,280.81,138.82,2703.1,430.4,1537.32,196.54,306.93
2020-07-30,279.82,135.86,2693.99,429.08,1570.64,199.04,303.97
2020-07-31,278.88,133.38,2745.4,433.09,1598.18,197.64,297.97
2020-08-03,275.36,136.86,2733.85,430.22,1611.91,194.36,296.8
2020-08-04,272.99,134.46,2647.2,423.86,1604.02,195.28,304.0
2020-08-05,280.44,133.09,2733.78,419.84,1606.07,193.45,303.01
2020-08-06,274.58,132.29,2723.53,412.9,1618.19,194.74,303.44
2020-08-07,276.89,127.17,2725.28,408.41,1646.95,196.04,308.5
2020-08-10,271.75,126.59,2762.36,410.28,1668.81,202.56,311.47
2020-08-11,276.96,125.04,2765.99,415.47,1636.92,207.24,313.12
2020-08-12,279.14,124.75,2716.2,407.58,1638.92,210.68,313.98
2020-08-13,287.59,125.0,2716.41,414.68,1622.31,207.49,315.0
2020-08-14,284.49,127.5,2783.11,415.52,1627.89,212.3,313.95
2020-08-17,280.67,129.84,2774.43,420.36,1602.24,212.08,319.27
2020-08-18,280.93,127.03,2720.39,425.98,1619.08,208.04,314.62
2020-08-19,281.18,129.89,2698.72,424.56,1600.96,206.22,314.81
2020-08-20,283.05,128.83,2757.19,431.77,1639.3,208.91,314.88
2020-08-21,281.53,124.68,2805.0,426.21,1610.52,209.39,317.18
2020-08-24,277.06,127.45,2850.03,416.83,1627.57,208.34,322.0
2020-08-25,272.5,126.46,2847.93,415.45,1603.33,211.08,320.15
2020-08-26,272.21,125.08,2823.32,421.3,1621.91,215.51,323.88
2020-08-27,277.83,124.39,2883.37,424.42,1645.94,215.96,331.11
2020-08-28,275.61,123.47,2861.13,416.62,1615.23,218.72,333.48
2020-08-31,274.1,124.66,2824.6,408.07,1607.4,220.54,340.74
2020-09-01,277.09,125.75,2822.78,401.17,1615.41,221.09,333.92
2020-09-02,277.93,125.48,2916.36,407.87,1650.72,219.58,341.33
2020-09-03,281.33,124.53,2945.9,405.84,1642.81,219.09,337.92
2020-09-04,281.91,125.09,2969.16,401.66,1636.74,212.54,335.81
2020-09-07,282.15,124.5,2986.36,402.85,1652.16,218.41,332.28
2020-09-08,290.02,124.16,2933.39,400.75,1646.97,221.79,330.31
2020-09-09,302.99,121.64,2945.53,407.3,1616.87,219.05,328.5
2020-09-10,300.4,119.65,3010.83,407.58,1617.66,215.12,333.47
2020-09-11,300.93,118.62,3015.32,400.09,1618.09,215.75,327.82
2020-09-14,303.44,119.07,3012.32,395.78,1660.21,221.25,331.49
2020-09-15,297.76,120.71,3027.19,396.19,1695.39,223.44,321.96
2020-09-16,290.85,120.34,3037.74,402.98,1686.04,225.24,319.14
2020-09-17,290.69,119.38,3059.5,407.67,1661.94,223.15,323.11
2020-09-18,291.95,121.19,3032.45,414.38,1660.42,228.63,327.16
2020-09-21,291.11,121.44,2992.03,431.25,1651.72,232.44,329.25
2020-09-22,287.82,121.68,2996.22,441.67,1671.62,233.3,334.19
2020-09-23,283.71,120.41,2915.63,454.3,1634.52,233.0,338.85
2020-09-24,281.68,118.92,2948.34,449.15,1638.01,230.59,334.83
2020-09-25,285.05,119.3,2990.47,456.62,1671.01,231.4,343.56
2020-09-28,292.11,116.32,2991.81,464.07,1643.11,234.93,353.38
2020-09-29,290.26,116.05,3102.16,467.81,1636.1,237.24,356.36
2020-09-30,284.26,114.92,3124.25,476.74,1663.3,235.45,353.47
2020-10-01,281.73,115.24,3166.61,483.1,1673.9,240.73,353.73
2020-10-02,277.16,113.42,3205.36,484.05,1757.89,244.31,357.92
2020-10-05,283.3,112.69,3188.59,481.33,1828.19,246.12,348.51
2020-10-06,284.23,111.29,3142.89,485.76,1871.79,254.32,337.22
2020-10-07,287.28,112.57,3121.13,477.27,1878.79,252.24,335.84
2020-10-08,291.11,111.4,3079.83,479.46,1874.52,251.94,333.5
2020-10-09,292.09,112.26,3036.41,481.78,1878.04,251.67,332.43
2020-10-12,294.17,113.78,3069.99,476.84,1917.44,251.51,343.68
2020-10-13,288.82,113.44,3094.68,495.4,1883.44,257.56,343.64
2020-10-14,287.04,112.59,3085.88,495.36,1862.96,267.36,354.17
2020-10-15,290.81,113.42,3077.82,494.5,1860.73,265.9,358.74
2020-10-16,291.18,110.45,3121.8,494.28,1870.51,268.64,356.28
2020-10-19,297.68,108.61,3104.47,489.0,1832.91,268.76,358.42
2020-10-20,305.51,112.45,3107.51,498.8,1806.21,270.2,353.53
2020-10-21,307.96,113.84,3001.19,497.65,1833.79,265.43,354.52
2020-10-22,309.51,114.11,3072.71,503.0,1868.97,270.18,353.97
2020-10-23,317.14,114.82,3062.82,507.06,1850.6,268.75,356.37
2020-10-26,313.04,115.56,3121.36,513.93,1922.57,264.25,358.46
2020-10-27,315.58,115.1,3193.13,504.86,1934.84,265.59,359.06
2020-10-28,315.38,116.14,3209.65,512.87,1983.63,261.86,365.16
2020-10-29,320.01,116.79,3181.34,522.64,1987.61,261.36,363.46
2020-10-30,313.22,117.96,3212.25,532.48,2044.93,257.49,365.23
2020-11-02,318.47,118.13,3216.07,523.46,2033.39,262.21,375.33
2020-11-03,313.77,116.66,3285.55,523.8,2018.0,256.87,379.95
2020-11-04,310.74,113.69,3276.01,531.07,2058.16,251.92,387.49
2020-11-05,309.22,114.85,3251.0,545.95,2006.43,250.18,381.91
2020-11-06,316.51,114.39,3284.84,551.38,1965.18,246.3,387.83
2020-11-09,318.45,116.8,3275.35,528.4,1923.69,251.93,390.27
2020-11-10,316.64,117.9,3258.37,528.96,1921.25,251.27,388.68
2020-11-11,314.75,117.26,3354.33,532.46,1925.39,248.99,383.08
2020-11-12,314.7,119.76,3398.0,529.57,1889.59,252.44,374.92
2020-11-13,318.61,120.75,3448.84,530.53,1872.46,249.75,374.04
2020-11-16,324.03,120.38,3454.14,522.52,1895.99,249.09,371.42
2020-11-17,332.04,121.58,3477.74,509.98,1879.95,254.97,368.11
2020-11-18,315.63,119.59,3422.27,524.75,1885.54,255.57,372.49
2020-11-19,320.98,120.53,3349.68,517.99,1899.54,256.36,370.56
2020-11-20,321.19,119.55,3405.27,517.94,1892.49,261.43,374.04
2020-11-23,321.3,119.08,3388.74,517.6,1885.52,266.16,385.41
2020-11-24,320.56,118.06,3354.5,513.0,1860.5,270.03,386.19
2020-11-25,325.19,117.67,3331.55,508.09,1856.15,269.23,385.53
2020-11-26,324.56,117.92,3323.29,502.25,1866.64,274.02,393.5
2020-11-27,327.19,116.02,3285.88,504.18,1849.8,270.92,397.87
2020-11-30,331.68,115.1,3303.77,503.12,1857.34,270.45,395.96
2020-12-01,273.0,131.0,3256.0,512.0,1752.0,222.0,522.0
2020-12-02,286.06,135.68,3164.79,527.84,1757.25,215.23,523.45
2020-12-03,283.0,136.8,3180.94,529.91,1783.54,218.26,516.17
2020-12-04,278.18,138.87,3204.8,528.61,1772.26,220.77,514.52
2020-12-07,280.17,139.91,3260.83,538.55,1771.31,219.73,494.5
2020-12-08,284.5,137.32,3296.05,548.46,1778.29,217.96,496.22
2020-12-09,285.1,136.76,3260.22,552.35,1790.46,215.53,495.7
2020-12-10,292.88,140.04,3265.68,568.32,1824.82,219.6,488.91
2020-12-11,299.6,137.97,3246.08,579.94,1839.38,217.53,481.17
2020-12-14,297.29,136.18,3268.6,565.77,1875.78,217.69,476.02
2020-12-15,290.76,138.3,3296.77,570.93,1856.66,220.9,475.08
2020-12-16,301.51,141.54,3259.24,590.14,1861.6,218.16,482.9
2020-12-17,300.5,145.01,3276.62,602.51,1914.74,216.28,477.84
2020-12-18,307.06,142.84,3293.99,605.88,1924.33,219.91,470.0
2020-12-21,304.51,146.85,3308.96,599.38,1944.88,219.0,470.21
2020-12-22,299.18,149.89,3222.78,591.9,2019.6,218.75,462.16
2020-12-23,293.85,149.96,3214.44,593.83,2021.3,214.01,464.99
2020-12-24,293.34,148.98,3198.99,600.98,2031.11,212.41,458.31
2020-12-25,293.13,147.4,3235.32,596.89,2020.96,208.54,451.37
2020-12-28,294.1,148.44,3274.74,604.45,2027.04,209.51,450.02
2020-12-29,292.97,150.08,3270.47,608.21,2007.47,209.95,453.91
2020-12-30,294.6,149.1,3247.61,604.7,2013.27,207.43,449.48
2020-12-31,289.63,147.53,3262.68,616.99,2046.52,207.91,449.95
2021-01-01,295.06,146.44,3289.65,622.47,2008.76,209.54,451.44
2021-01-04,288.37,148.47,3250.87,628.03,2008.01,202.55,459.44
2021-01-05,288.32,148.04,3219.1,629.3,1967.4,205.61,445.88
2021-01-06,286.84,148.91,3304.65,622.92,1970.24,211.32,444.06
2021-01-07,287.07,149.62,3303.36,624.91,1997.39,206.0,450.33
2021-01-08,277.79,151.63,3342.2,627.18,1999.0,206.93,457.24
2021-01-11,275.01,151.88,3334.4,635.83,2020.91,205.26,452.61
2021-01-12,270.69,154.45,3305.74,631.05,2018.99,201.76,454.67
2021-01-13,278.31,149.23,3251.48,611.62,2026.86,197.71,455.46
2021-01-14,284.6,151.42,3273.66,604.57,2010.6,198.54,459.43
2021-01-15,280.03,148.62,3280.91,593.69,1987.84,198.43,459.65
2021-01-18,283.13,147.38,3318.82,608.83,1967.43,198.55,452.64
2021-01-19,281.43,147.96,3306.5,620.46,1981.52,197.39,461.43
2021-01-20,284.37,146.28,3294.57,620.43,1972.64,197.31,463.37
2021-01-21,284.06,145.25,3292.56,621.5,1961.22,193.11,459.47
2021-01-22,283.57,146.26,3250.66,626.88,1986.9,191.51,458.8
2021-01-25,283.81,143.47,3226.95,628.66,1968.06,194.2,456.15
2021-01-26,285.4,141.61,3142.74,615.71,1919.5,193.16,454.44
2021-01-27,290.58,143.48,3090.19,610.64,1888.85,197.38,459.4
2021-01-28,288.5,143.97,3098.65,615.27,1901.31,194.02,456.73
2021-01-29,295.36,147.12,3099.27,617.58,1883.3,197.87,462.54
2021-02-01,299.0,148.32,3171.97,632.15,1895.7,198.85,463.75
2021-02-02,293.11,148.38,3140.65,625.38,1898.54,196.98,458.74
2021-02-03,297.79,150.3,3174.83,637.38,1888.73,197.44,471.14
2021-02-04,294.66,151.83,3160.22,633.1,1907.87,200.87,479.89
2021-02-05,293.07,154.23,3227.46,637.86,1874.32,201.05,473.9
2021-02-08,293.44,153.08,3174.51,634.75,1878.36,198.41,468.23
2021-02-09,299.14,154.72,3152.02,628.68,1891.49,197.15,470.92
2021-02-10,300.54,154.15,3145.1,614.05,1872.89,196.78,478.5
2021-02-11,302.04,153.78,3144.14,609.76,1892.12,200.05,485.42
2021-02-12,310.2,154.88,3174.65,609.68,1862.48,195.03,492.32
2021-02-15,304.45,157.8,3213.01,615.09,1875.11,194.65,483.76
2021-02-16,302.83,157.38,3114.99,619.01,1874.92,196.19,484.21
2021-02-17,298.5,155.09,3029.85,627.74,1896.74,196.73,472.9
2021-02-18,299.93,157.75,3006.34,617.29,1951.82,197.13,467.23
2021-02-19,307.43,159.56,3043.0,609.58,1929.71,202.49,457.55
2021-02-22,308.82,159.06,3117.03,614.88,1979.77,200.1,443.1
2021-02-23,312.16,163.79,3124.49,619.67,2011.31,197.75,430.18
2021-02-24,319.65,163.33,3067.64,619.87,2064.19,194.31,429.62
2021-02-25,311.64,165.05,3056.84,620.26,2077.47,191.14,438.32
2021-02-26,310.83,162.87,3097.97,634.13,2046.57,186.76,438.87
2021-03-01,319.6,160.92,3201.16,607.78,2023.78,187.97,441.6
2021-03-02,320.13,166.44,3209.26,607.02,2018.9,190.35,456.95
2021-03-03,310.11,167.84,3185.98,622.43,2062.48,191.17,456.11
2021-03-04,302.41,161.71,3250.36,616.4,2066.36,193.23,460.55
2021-03-05,307.51,156.59,3206.36,617.74,2124.15,192.36,456.67
2021-03-08,312.94,154.98,3142.98,612.35,2151.45,193.55,457.66
2021-03-09,312.81,155.25,3124.68,612.42,2223.11,191.41,474.88
2021-03-10,306.97,156.73,3108.76,625.77,2253.96,188.35,458.0
2021-03-11,316.09,155.14,3088.08,621.53,2228.71,188.28,447.8
2021-03-12,315.13,155.27,3081.82,628.34,2214.84,189.79,450.95
2021-03-15,318.19,155.84,3054.98,622.55,2242.03,191.21,441.9
2021-03-16,314.69,157.32,2949.53,632.62,2272.21,193.47,430.77
2021-03-17,318.68,154.83,2987.76,640.9,2273.9,200.27,427.3
2021-03-18,314.21,154.51,2929.25,640.27,2323.11,205.64,430.82
2021-03-19,314.13,156.13,2873.98,638.25,2355.92,206.78,416.84
2021-03-22,315.16,157.31,2868.34,643.38,2342.81,208.63,411.7
2021-03-23,314.43,154.93,2878.29,639.41,2402.55,202.35,413.09
2021-03-24,309.47,154.81,2941.26,650.15,2367.59,209.86,415.58
2021-03-25,310.03,159.61,2882.03,654.98,2354.59,211.9,410.22
2021-03-26,319.09,160.99,2876.7,639.67,2383.76,208.97,413.25
2021-03-29,318.78,159.03,2887.37,642.88,2407.16,206.4,413.07
2021-03-30,323.48,157.79,2821.46,648.07,2380.65,210.13,419.73
2021-03-31,320.24,158.13,2840.59,636.57,2371.96,214.86,423.48
2021-04-01,322.32,159.88,2873.21,620.56,2375.06,211.69,413.14
2021-04-02,326.18,161.08,2840.23,611.27,2287.81,214.07,412.7
2021-04-05,322.54,164.5,2788.85,602.97,2353.98,212.71,409.16
2021-04-06,321.6,164.34,2856.47,610.89,2312.31,208.96,395.62
2021-04-07,324.98,166.74,2922.99,614.6,2320.04,208.21,402.71
2021-04-08,321.54,168.52,2881.02,621.47,2354.43,203.83,393.04
2021-04-09,322.07,165.46,2953.3,629.95,2386.76,206.13,391.17
2021-04-12,328.91,163.29,2919.94,632.36,2402.04,202.16,392.99
2021-04-13,328.85,163.91,2921.23,633.64,2316.84,204.1,393.49
2021-04-14,332.22,163.84,2917.26,645.81,2252.53,204.18,392.94
2021-04-15,336.2,164.7,2896.13,618.08,2320.36,208.53,402.91
2021-04-16,336.1,165.63,2882.01,626.65,2353.69,209.6,408.87
2021-04-19,335.61,167.07,2879.82,613.96,2363.27,205.03,413.77
2021-04-20,328.64,167.85,2929.35,607.12,2358.91,211.33,403.04
2021-04-21,331.11,169.24,2975.23,616.5,2343.54,211.28,395.24
2021-04-22,332.91,168.02,2964.98,618.7,2385.28,211.29,403.31
2021-04-23,330.4,170.27,3019.68,623.13,2344.15,214.22,412.49
2021-04-26,325.35,173.33,3047.75,630.93,2317.76,217.65,418.97
2021-04-27,326.24,172.96,3033.9,612.35,2278.7,222.99,409.04
2021-04-28,327.81,174.36,3071.03,613.26,2266.03,223.9,411.9
2021-04-29,317.46,170.01,3097.52,623.29,2230.15,219.38,418.33
2021-04-30,313.36,168.96,3143.41,633.0,2222.44,219.37,426.86
2021-05-03,317.64,171.23,3176.06,642.88,2246.9,219.82,423.85
2021-05-04,326.48,170.41,3164.19,643.15,2259.22,221.2,425.33
2021-05-05,332.57,173.37,3136.92,654.58,2213.55,222.32,431.65
2021-05-06,335.81,176.48,3124.01,651.39,2267.02,224.94,424.84
2021-05-07,345.64,177.44,3037.12,665.85,2246.97,228.2,425.19
2021-05-10,348.22,172.77,3079.39,664.37,2209.87,225.98,423.99
2021-05-11,345.91,171.92,3133.71,661.06,2155.75,227.4,417.66
2021-05-12,339.35,167.26,3165.39,661.56,2184.53,229.22,422.41
2021-05-13,337.59,170.27,3164.07,652.09,2189.06,233.6,414.79
2021-05-14,338.37,167.55,3199.37,665.77,2167.71,227.93,409.35
2021-05-17,338.58,166.0,3182.5,649.4,2205.26,232.53,414.5
2021-05-18,332.58,161.85,3255.85,655.92,2215.57,231.51,417.56
2021-05-19,335.7,163.73,3228.54,668.09,2241.39,235.59,414.74
2021-05-20,336.52,165.52,3292.73,659.84,2212.03,233.12,414.48
2021-05-21,339.7,160.6,3293.8,658.48,2230.73,230.7,413.78
2021-05-24,333.68,159.31,3255.99,659.75,2223.72,227.49,408.27
2021-05-25,332.33,158.07,3231.31,656.82,2238.9,230.97,407.38
2021-05-26,336.35,153.57,3179.05,644.95,2229.2,232.24,417.38
2021-05-27,339.22,156.0,3216.63,658.8,2204.46,233.47,415.85
2021-05-28,337.06,155.44,3229.27,657.92,2235.71,234.62,409.81
2021-05-31,328.76,157.32,3245.21,671.04,2276.72,236.4,414.09
2021-06-01,330.85,158.57,3229.05,670.3,2284.35,239.45,413.39
2021-06-02,323.94,154.55,3166.56,667.19,2263.38,237.58,410.98
2021-06-03,324.8,155.49,3214.1,652.36,2216.93,231.35,408.04
2021-06-04,326.97,155.72,3185.95,655.31,2199.35,229.88,401.82
2021-06-07,320.9,155.05,3175.39,676.02,2244.96,233.87,412.51
2021-06-08,316.0,153.91,3200.89,664.43,2228.47,237.59,415.21
2021-06-09,319.03,155.45,3192.32,670.49,2228.51,236.35,405.98
2021-06-10,324.58,155.56,3215.22,670.43,2287.12,237.37,401.42
2021-06-11,322.05,151.2,3153.12,675.31,2286.13,235.93,404.67
2021-06-14,316.59,154.92,3200.53,666.79,2243.35,237.88,413.74
2021-06-15,312.75,150.79,3293.34,664.71,2249.14,239.76,406.78
2021-06-16,324.44,153.44,3284.7,668.45,2217.15,234.79,410.96
2021-06-17,324.96,154.16,3371.84,663.56,2249.1,232.04,419.54
2021-06-18,328.18,156.0,3366.48,659.27,2305.66,239.38,430.11
2021-06-21,314.83,156.9,3465.13,666.25,2324.73,243.48,437.04
2021-06-22,313.35,160.23,3518.23,674.24,2321.25,240.31,439.38
2021-06-23,315.65,160.32,3564.24,665.62,2359.26,241.89,426.47
2021-06-24,314.83,158.23,3610.19,687.94,2327.75,241.57,421.78
2021-06-25,319.24,162.96,3641.9,673.27,2291.73,244.78,421.07
2021-06-28,325.86,164.47,3646.78,672.9,2305.78,237.7,418.49
2021-06-29,324.87,164.58,3691.45,703.29,2278.97,232.33,420.98
2021-06-30,327.14,169.5,3639.61,713.42,2291.15,235.62,418.25
2021-07-01,333.23,168.52,3622.57,717.69,2321.76,236.94,428.47
2021-07-02,340.29,170.13,3649.39,727.09,2311.12,238.81,418.09
2021-07-05,333.24,171.94,3614.97,720.55,2374.91,235.43,408.5
2021-07-06,329.45,171.31,3584.59,710.74,2382.17,240.52,404.14
2021-07-07,335.65,172.2,3551.06,700.72,2386.87,244.6,410.43
2021-07-08,336.76,176.41,3540.8,701.46,2386.42,244.53,410.69
2021-07-09,348.94,175.3,3523.48,716.78,2332.99,247.23,416.22
2021-07-12,340.47,176.38,3481.81,717.13,2348.75,247.17,413.92
2021-07-13,336.53,174.02,3594.92,713.23,2397.15,247.82,423.52
2021-07-14,338.15,174.02,3614.8,704.1,2373.07,242.23,428.03
2021-07-15,346.88,173.28,3659.87,699.51,2425.38,241.47,429.21
2021-07-16,355.75,173.15,3675.55,690.16,2464.79,246.13,424.12
2021-07-19,358.95,174.11,3695.42,679.33,2470.68,249.38,430.06
2021-07-20,369.34,169.99,3674.17,686.82,2450.67,243.73,431.99
2021-07-21,373.85,167.17,3621.85,680.12,2522.65,247.45,439.78
2021-07-22,370.98,166.03,3606.71,705.14,2445.18,248.59,435.39
2021-07-23,367.74,165.3,3660.84,703.6,2421.65,248.18,436.46
2021-07-26,373.13,163.81,3796.42,700.53,2447.82,251.43,432.63
2021-07-27,368.11,166.12,3851.05,705.19,2423.77,257.07,427.55
2021-07-28,369.99,165.41,3895.07,710.69,2399.41,262.9,415.71
2021-07-29,363.32,167.47,3966.95,709.75,2457.4,255.9,425.07
2021-07-30,363.59,164.78,3894.53,712.18,2506.53,256.1,433.38
2021-08-02,367.15,166.95,3872.06,722.54,2480.04,257.84,430.96
2021-08-03,366.82,164.75,3827.84,698.59,2479.41,260.23,428.68
2021-08-04,364.18,162.68,3829.11,692.48,2495.45,264.69,422.56
2021-08-05,361.55,164.13,3817.44,694.76,2519.3,267.05,424.59
2021-08-06,360.87,166.1,3807.4,692.82,2598.31,267.58,421.84
2021-08-09,365.23,165.14,3748.39,690.61,2646.72,273.94,424.09
2021-08-10,371.03,161.44,3789.86,694.78,2653.75,271.62,431.58
2021-08-11,372.9,165.46,3787.89,704.24,2617.19,273.85,444.44
2021-08-12,372.78,167.19,3839.77,726.58,2623.28,270.22,444.01
2021-08-13,368.22,164.63,3793.72,727.71,2642.41,271.73,430.86
2021-08-16,366.71,164.98,3815.76,728.9,2692.25,272.91,429.98
2021-08-17,379.65,164.38,3925.24,742.45,2707.97,274.66,437.63
2021-08-18,377.12,166.48,3895.28,766.61,2719.59,266.65,434.73
2021-08-19,383.37,166.07,3885.95,756.8,2772.21,265.17,426.32
2021-08-20,387.71,165.93,3918.17,761.93,2762.03,262.26,430.31
2021-08-23,385.18,169.37,3930.68,759.85,2721.27,261.61,419.19
2021-08-24,393.41,172.51,3959.67,749.96,2772.53,266.29,413.8
2021-08-25,399.53,171.42,3979.74,770.14,2789.91,264.12,405.97
2021-08-26,402.69,170.4,3922.34,777.29,2775.22,270.26,409.74
2021-08-27,401.37,170.47,3910.86,776.23,2781.04,264.11,410.51
2021-08-30,399.54,169.27,3918.2,777.94,2784.73,269.47,403.84
2021-08-31,404.71,171.92,3838.65,788.49,2829.91,273.27,411.79
2021-09-01,397.9,172.43,3863.53,805.5,2825.03,272.67,424.11
2021-09-02,401.14,170.96,3908.61,818.4,2854.63,267.52,424.51
2021-09-03,391.84,169.39,3884.72,814.15,2865.83,271.24,422.85
2021-09-06,394.83,168.15,3841.68,839.7,2840.91,273.94,426.52
2021-09-07,397.36,164.35,3995.06,838.76,2829.02,280.77,428.96
2021-09-08,399.8,165.4,4120.18,833.32,2853.29,277.37,421.5
2021-09-09,399.86,161.01,4121.39,836.18,2756.61,278.96,429.39
2021-09-10,398.06,159.18,4035.21,840.6,2822.9,282.63,422.84
2021-09-13,405.17,158.25,4046.39,840.47,2811.38,288.84,420.34
2021-09-14,417.6,156.6,4099.51,841.75,2775.97,290.88,417.63
2021-09-15,415.66,155.17,4098.9,849.52,2731.28,290.02,407.16
2021-09-16,418.21,155.3,4084.5,874.79,2716.06,291.69,413.79
2021-09-17,414.48,157.18,4071.12,904.2,2712.24,287.44,421.05
2021-09-20,418.53,161.78,3996.78,909.45,2742.7,290.78,416.6
2021-09-21,419.9,161.15,3968.18,909.28,2774.04,288.08,407.16
2021-09-22,413.39,163.94,3950.86,900.75,2784.6,292.52,410.96
2021-09-23,418.71,166.4,3789.81,916.93,2781.47,293.19,411.39
2021-09-24,423.41,167.58,3820.52,914.15,2774.97,301.21,407.03
2021-09-27,423.18,169.89,3790.03,910.47,2739.44,300.62,401.01
2021-09-28,417.96,175.55,3882.14,891.33,2681.63,303.46,406.73
2021-09-29,401.44,175.91,3982.23,894.96,2711.59,305.08,407.84
2021-09-30,412.9,174.93,4026.64,880.45,2777.71,300.07,414.38
2021-10-01,411.11,174.87,4166.28,884.35,2828.16,303.55,407.27
2021-10-04,419.12,175.37,4188.4,901.71,2817.11,306.32,398.83
2021-10-05,431.2,174.66,4231.99,915.42,2798.98,298.72,398.62
2021-10-06,433.16,173.75,4280.39,907.21,2853.14,302.28,403.13
2021-10-07,437.95,172.37,4353.57,907.12,2862.73,303.22,405.94
2021-10-08,436.97,170.76,4228.16,917.46,2832.22,301.95,397.67
2021-10-11,435.46,173.08,4213.29,920.07,2879.31,303.88,394.85
2021-10-12,435.53,174.23,4184.09,937.14,2843.59,305.66,390.2
2021-10-13,440.81,176.18,4193.1,933.41,2836.25,307.72,396.42
2021-10-14,443.2,176.25,4191.14,906.44,2836.62,310.74,395.3
2021-10-15,444.33,175.46,4132.5,897.35,2824.05,312.1,405.84
2021-10-18,451.24,176.78,4246.95,920.62,2826.99,315.77,404.12
2021-10-19,443.61,179.56,4263.13,936.35,2788.46,312.79,400.84
2021-10-20,444.57,180.24,4302.36,914.25,2840.24,315.54,393.66
2021-10-21,438.46,178.69,4249.74,919.78,2855.55,314.81,392.67
2021-10-22,442.33,182.63,4220.36,889.7,2895.54,308.33,391.48
2021-10-25,443.49,185.49,4273.27,875.28,2853.51,306.88,392.03
2021-10-26,451.08,188.33,4215.34,873.29,2857.06,310.66,387.53
2021-10-27,450.59,185.72,4218.22,897.81,2800.95,316.1,382.58
2021-10-28,455.11,187.63,4143.45,885.01,2837.69,310.8,379.58
2021-10-29,453.81,183.67,4200.16,882.18,2793.75,306.34,388.42
2021-11-01,445.38,181.47,4208.42,891.53,2830.71,304.36,384.85
2021-11-02,434.33,182.26,4212.17,895.95,2795.96,305.93,390.81
2021-11-03,441.94,183.66,4333.6,892.65,2822.1,308.67,398.89
2021-11-04,448.77,184.07,4397.24,893.61,2789.44,313.48,400.72
2021-11-05,459.31,186.12,4243.13,878.45,2769.62,299.09,398.34
2021-11-08,460.28,190.14,4193.25,896.78,2724.48,297.52,396.26
2021-11-09,452.57,189.57,4224.35,912.22,2733.49,298.33,397.64
2021-11-10,447.54,192.59,4172.09,918.0,2729.67,290.3,409.96
2021-11-11,441.58,192.72,4186.26,937.0,2726.05,294.65,403.39
2021-11-12,435.87,190.89,4098.11,944.65,2793.38,292.53,395.28
2021-11-15,433.44,190.64,4079.2,949.68,2772.92,291.05,392.86
2021-11-16,446.45,190.83,4107.68,934.16,2728.2,293.33,388.12
2021-11-17,444.9,183.91,4054.33,944.42,2722.23,301.08,388.37
2021-11-18,442.94,178.5,4090.57,922.55,2714.17,305.86,391.46
2021-11-19,438.38,180.57,4111.45,932.06,2698.2,301.57,388.98
2021-11-22,443.63,176.79,4105.41,942.24,2661.42,301.9,394.97
2021-11-23,441.16,176.38,4188.63,918.72,2659.76,299.8,391.0
2021-11-24,446.04,176.54,4243.91,901.62,2618.97,294.38,382.79
2021-11-25,438.78,180.73,4149.53,892.97,2604.56,293.03,387.64
2021-11-26,435.86,182.36,4116.33,903.84,2670.42,298.33,394.57
2021-11-29,450.09,177.27,3995.18,937.67,2684.79,295.63,406.75
2021-11-30,456.69,180.98,3955.78,957.23,2641.73,298.92,395.16
2021-12-01,336.0,178.0,3400.0,620.0,2960.0,331.0,294.0
2021-12-02,337.83,181.1,3492.94,620.02,3013.71,334.53,281.89
2021-12-03,339.78,175.84,3468.36,615.44,2997.61,333.85,277.94
2021-12-06,345.28,172.18,3418.05,618.73,2915.52,337.81,280.13
2021-12-07,351.82,166.31,3346.32,623.3,2955.94,330.15,283.68
2021-12-08,346.46,172.39,3425.42,606.29,3005.49,321.77,280.0
2021-12-09,343.39,176.87,3376.6,602.46,2999.12,325.6,278.14
2021-12-10,341.68,182.77,3339.06,604.26,2982.73,324.31,281.81
2021-12-13,339.24,184.92,3376.64,601.22,2958.15,324.29,282.01
2021-12-14,344.04,187.6,3384.21,599.58,3058.95,331.61,282.21
2021-12-15,347.58,184.26,3414.32,598.6,3138.08,325.18,283.64
2021-12-16,346.53,189.58,3449.59,600.61,3141.76,327.02,284.14
2021-12-17,347.49,186.37,3478.94,617.43,3100.88,330.05,289.88
2021-12-20,343.32,184.48,3485.89,609.11,3039.97,328.98,292.83
2021-12-21,349.85,183.39,3447.45,614.09,3014.44,326.11,287.58
2021-12-22,345.64,181.18,3429.21,612.69,3041.92,323.3,287.01
2021-12-23,350.47,183.49,3377.48,608.83,2987.07,326.34,284.22
2021-12-24,346.83,182.81,3426.02,608.35,3036.32,321.85,272.7
2021-12-27,342.63,182.58,3560.51,610.33,3011.49,322.41,274.71
2021-12-28,347.05,181.97,3480.09,606.59,2989.34,323.74,273.02
2021-12-29,347.62,185.64,3458.45,608.11,2954.81,313.8,272.68
2021-12-30,345.97,183.91,3343.08,612.27,2904.57,314.36,265.76
2021-12-31,347.8,183.38,3282.64,616.68,2899.36,315.21,268.29
2022-01-03,328.0,177.0,3300.0,597.0,2900.0,328.0,270.0
2022-01-04,321.12,168.01,3126.81,575.44,2757.12,322.76,250.74
2022-01-05,320.96,167.34,3081.72,557.96,2738.93,322.37,250.55
2022-01-06,316.6,169.55,3034.08,558.14,2737.56,317.79,248.98
2022-01-07,315.0,170.84,3040.09,540.12,2739.29,315.97,251.09
2022-01-10,318.3,172.71,2970.6,532.46,2660.92,311.62,246.59
2022-01-11,311.41,169.52,2961.01,500.98,2563.07,307.25,247.72
2022-01-12,301.54,166.98,2960.16,499.84,2575.47,315.13,247.8
2022-01-13,296.45,166.98,2896.85,491.58,2460.46,311.05,248.92
2022-01-14,289.98,166.84,2801.37,481.47,2436.23,309.89,245.52
2022-01-17,288.46,167.76,2753.36,468.11,2366.78,310.47,246.36
2022-01-18,288.96,166.03,2724.14,467.67,2396.84,309.11,248.68
2022-01-19,289.39,169.47,2648.04,461.48,2346.05,303.84,249.32
2022-01-20,287.61,168.27,2629.71,452.87,2273.94,298.95,245.28
2022-01-21,284.67,171.76,2585.44,454.79,2269.78,303.64,239.86
2022-01-24,284.53,174.11,2549.05,450.57,2213.3,301.35,239.7
2022-01-25,286.35,171.02,2571.47,442.44,2186.71,292.79,234.18
2022-01-26,281.49,168.12,2493.5,430.86,2124.51,292.3,233.36
2022-01-27,282.22,167.66,2544.61,428.6,2123.46,289.1,226.62
2022-01-28,270.94,169.3,2508.89,435.54,2153.84,285.38,223.94
2022-01-31,264.14,168.39,2453.33,433.77,2123.76,280.72,222.49
2022-02-01,262.67,169.62,2479.67,432.87,2039.92,286.55,215.09
2022-02-02,260.09,167.65,2422.46,413.66,1999.84,294.46,217.42
2022-02-03,261.07,166.52,2366.22,415.64,1980.61,291.83,215.08
2022-02-04,260.47,169.27,2349.74,411.81,1927.01,290.53,217.77
2022-02-07,253.36,174.43,2294.28,400.02,1934.37,288.91,216.63
2022-02-08,252.67,170.05,2254.99,394.68,1892.75,284.91,212.09
2022-02-09,252.0,169.69,2232.64,383.46,1874.9,284.39,212.03
2022-02-10,250.3,165.55,2262.48,369.19,1835.98,286.31,217.94
2022-02-11,250.02,164.61,2223.19,369.59,1820.0,284.49,215.67
2022-02-14,251.21,166.46,2190.48,354.78,1792.41,286.0,218.78
2022-02-15,250.33,162.74,2192.73,344.47,1765.61,288.26,215.23
2022-02-16,248.89,163.02,2187.06,337.75,1696.76,292.34,208.4
2022-02-17,244.66,163.14,2108.88,330.63,1660.66,291.23,206.15
2022-02-18,247.16,162.06,2092.84,328.78,1674.8,288.71,209.95
2022-02-21,240.75,163.61,2084.49,331.98,1631.49,287.06,212.92
2022-02-22,237.97,164.94,2081.79,331.32,1610.33,286.28,216.94
2022-02-23,236.92,166.94,2044.26,323.52,1582.18,280.53,219.52
2022-02-24,232.34,164.67,2044.92,313.73,1593.92,275.32,217.49
2022-02-25,226.1,163.05,2034.77,314.08,1540.43,270.26,214.02
2022-02-28,223.49,162.91,2044.73,306.26,1529.21,269.66,218.12
2022-03-01,219.11,166.57,2009.95,301.5,1485.59,268.64,222.12
2022-03-02,218.45,162.75,1976.27,296.15,1482.34,265.29,218.86
2022-03-03,219.25,165.19,1935.9,295.16,1472.54,271.03,217.45
2022-03-04,216.7,166.72,1916.48,290.93,1461.88,268.56,212.89
2022-03-07,221.81,169.89,1926.8,282.02,1435.56,265.82,208.63
2022-03-08,225.11,168.62,1909.58,279.78,1395.3,262.43,205.81
2022-03-09,221.29,167.58,1862.69,280.93,1354.02,266.82,203.73
2022-03-10,215.79,166.38,1818.38,273.78,1345.36,271.82,201.75
2022-03-11,213.84,168.09,1859.55,266.55,1293.01,268.63,204.4
2022-03-14,218.36,170.05,1855.52,266.67,1286.87,269.54,201.79
2022-03-15,221.35,167.19,1779.83,268.85,1276.11,271.18,204.65
2022-03-16,220.95,170.33,1751.22,263.06,1276.4,264.79,206.94
2022-03-17,215.36,165.92,1753.76,260.68,1216.16,256.99,205.16
2022-03-18,216.45,165.27,1699.42,254.17,1180.49,250.46,209.18
2022-03-21,212.49,164.89,1698.54,250.61,1166.89,259.06,210.98
2022-03-22,211.92,163.59,1679.04,251.62,1143.66,259.32,211.97
2022-03-23,219.2,164.58,1666.0,246.66,1118.88,259.69,212.76
2022-03-24,216.4,168.81,1634.44,243.51,1129.39,258.21,208.08
2022-03-25,221.09,170.42,1626.14,245.14,1133.01,255.59,211.59
2022-03-28,212.3,170.58,1579.55,238.28,1075.71,262.0,203.38
2022-03-29,209.5,170.73,1551.25,238.41,1065.07,257.87,203.11
2022-03-30,208.92,167.08,1513.33,234.4,1073.82,258.27,202.47
2022-03-31,209.02,168.01,1468.29,232.84,1046.33,266.64,199.97
2022-04-01,209.13,167.22,1428.96,228.09,1053.16,264.49,197.02
2022-04-04,211.24,164.53,1394.32,223.25,1076.59,263.36,196.3
2022-04-05,213.65,167.21,1363.85,223.36,1038.08,261.27,197.74
2022-04-06,204.7,165.06,1351.21,222.72,1008.18,255.93,198.2
2022-04-07,202.56,168.09,1344.02,217.88,990.42,254.4,193.22
2022-04-08,198.04,165.86,1340.0,213.02,982.46,258.63,189.65
2022-04-11,198.2,165.3,1272.1,211.74,1001.98,256.73,192.01
2022-04-12,196.56,166.52,1268.16,206.33,1000.05,256.21,186.64
2022-04-13,194.55,166.21,1226.09,206.17,1000.61,250.73,188.7
2022-04-14,193.15,166.63,1191.86,203.2,995.99,241.2,185.28
2022-04-15,199.36,162.12,1175.06,205.64,954.82,244.26,184.51
2022-04-18,198.39,164.98,1156.7,203.42,962.48,238.13,180.25
2022-04-19,195.36,165.21,1128.06,209.54,953.33,235.55,175.59
2022-04-20,190.27,165.49,1124.93,208.44,941.34,233.44,173.53
2022-04-21,186.11,172.55,1093.41,207.34,910.41,238.04,169.86
2022-04-22,184.97,175.06,1074.76,204.79,898.92,232.63,168.76
2022-04-25,181.08,177.17,1037.84,201.04,883.77,234.74,168.83
2022-04-26,180.6,177.16,1026.48,195.38,870.16,227.04,166.81
2022-04-27,182.1,172.46,988.37,193.11,856.28,228.82,163.54
2022-04-28,181.97,170.08,972.62,192.34,834.21,231.92,163.19
2022-04-29,180.84,170.35,971.74,195.98,807.47,231.98,165.71
2022-05-02,181.43,172.22,947.51,186.0,803.15,232.35,163.01
2022-05-03,175.88,170.02,926.71,194.39,796.31,232.16,164.07
2022-05-04,178.0,173.61,909.08,198.02,785.55,234.69,159.92
2022-05-05,177.92,173.43,889.93,195.82,779.95,231.73,158.29
2022-05-06,176.14,174.06,893.26,200.2,756.41,240.24,155.82
2022-05-09,171.13,172.84,898.06,201.72,749.56,237.55,156.61
2022-05-10,171.52,175.89,860.71,200.71,715.36,236.14,156.97
2022-05-11,170.64,181.03,838.09,198.53,715.98,234.44,157.17
2022-05-12,168.73,182.31,839.81,198.66,721.27,233.34,154.64
2022-05-13,165.0,178.95,836.54,192.6,699.29,229.71,153.76
2022-05-16,164.62,176.17,796.31,195.95,689.34,227.41,154.55
2022-05-17,161.38,178.17,805.54,196.39,679.44,220.23,153.6
2022-05-18,160.75,177.44,794.1,195.48,682.07,212.12,152.55
2022-05-19,161.65,175.18,787.96,192.75,671.08,206.57,150.99
2022-05-20,155.95,177.62,768.85,191.65,658.36,206.26,154.05
2022-05-23,154.48,179.26,761.79,195.18,642.19,210.15,155.84
2022-05-24,153.95,179.53,756.57,190.72,647.05,203.96,155.1
2022-05-25,148.52,174.18,751.04,191.62,643.91,202.5,154.85
2022-05-26,150.63,175.17,748.85,190.78,636.54,196.9,152.23
2022-05-27,146.05,174.04,741.51,191.43,636.72,198.16,150.55
2022-05-30,143.59,170.35,730.17,196.15,620.37,196.14,145.39
2022-05-31,143.69,173.78,714.87,198.42,592.73,204.37,145.29
2022-06-01,139.8,137.0,687.64,196.69,586.48,252.0,144.95
2022-06-02,138.52,138.45,679.47,195.36,569.65,255.74,144.42
2022-06-03,136.08,137.15,667.16,198.49,568.12,252.4,143.4
2022-06-06,132.83,136.21,681.28,199.5,551.5,250.64,140.24
2022-06-07,134.13,140.8,653.82,192.65,541.86,249.79,136.05
2022-06-08,134.28,141.68,646.66,194.35,544.49,253.86,138.19
2022-06-09,132.18,136.48,618.28,197.0,535.22,242.48,144.07
2022-06-10,131.85,134.24,610.61,197.6,529.15,240.89,145.7
2022-06-13,132.15,135.6,607.75,197.25,533.6,236.01,144.44
2022-06-14,130.83,136.91,603.07,198.71,523.63,233.21,145.06
2022-06-15,129.37,140.35,598.28,202.23,513.47,227.34,144.5
2022-06-16,128.33,141.97,585.37,213.46,502.75,230.02,143.49
2022-06-17,130.22,140.74,573.99,212.17,503.95,228.24,145.24
2022-06-20,129.83,143.61,543.71,212.07,498.79,226.45,144.25
2022-06-21,128.96,145.83,525.65,206.76,491.94,224.35,143.99
2022-06-22,127.88,140.02,510.1,211.84,477.7,225.54,143.73
2022-06-23,128.1,139.1,515.56,213.68,454.12,226.86,142.26
2022-06-24,127.75,140.59,508.31,212.03,446.34,226.16,144.5
2022-06-27,125.61,141.58,494.79,216.36,440.34,228.3,146.31
2022-06-28,128.19,141.47,481.14,211.87,436.42,231.93,146.98
2022-06-29,127.32,142.01,474.8,215.0,430.57,227.42,146.87
2022-06-30,128.4,139.29,462.64,213.72,436.09,223.09,149.0
2022-07-01,125.01,140.43,455.75,219.33,426.11,233.59,148.57
2022-07-04,124.15,137.13,460.31,222.23,412.18,229.21,147.46
2022-07-05,122.04,138.81,456.47,226.23,393.51,227.27,145.71
2022-07-06,122.81,137.32,458.71,226.42,382.89,228.98,148.8
2022-07-07,124.22,137.88,447.32,223.42,374.03,226.22,145.38
2022-07-08,125.62,136.28,433.94,228.0,369.92,221.56,142.8
2022-07-11,125.65,135.7,420.48,233.26,364.7,221.19,145.47
2022-07-12,126.39,135.2,416.81,231.1,362.11,222.14,143.36
2022-07-13,127.03,135.83,407.01,227.3,360.27,217.39,142.65
2022-07-14,127.31,135.45,404.63,229.81,359.12,217.07,137.63
2022-07-15,127.74,132.88,398.5,230.24,355.28,219.28,137.98
2022-07-18,126.44,131.09,391.54,231.66,351.95,217.15,135.41
2022-07-19,125.71,134.19,379.07,228.86,341.38,214.77,132.66
2022-07-20,124.68,134.32,383.63,233.26,328.87,211.51,130.87
2022-07-21,126.61,134.44,374.0,229.52,324.36,210.85,130.88
2022-07-22,123.65,134.94,365.63,235.29,320.44,202.51,132.39
2022-07-25,122.88,134.48,363.93,235.11,310.73,201.44,129.76
2022-07-26,122.59,134.61,353.53,235.5,308.64,200.49,130.14
2022-07-27,123.47,136.96,348.58,235.49,304.27,199.99,127.32
2022-07-28,120.5,135.48,345.91,228.54,293.49,197.07,127.32
2022-07-29,119.86,133.59,336.95,223.74,286.23,203.82,127.08
2022-08-01,119.89,132.72,327.79,220.02,284.98,205.79,125.15
2022-08-02,118.7,133.35,325.36,218.79,277.71,208.51,123.63
2022-08-03,120.11,133.31,319.99,219.33,275.53,207.3,121.55
2022-08-04,117.63,132.67,325.51,218.33,271.03,208.67,120.47
2022-08-05,117.29,130.81,317.7,217.73,258.35,208.85,122.39
2022-08-08,115.41,131.41,318.74,220.3,259.1,207.7,125.61
2022-08-09,115.65,132.65,314.92,224.35,257.54,210.65,126.81
2022-08-10,115.98,131.38,313.39,225.27,248.27,213.67,124.37
2022-08-11,119.35,129.61,309.84,222.13,248.86,211.06,122.32
2022-08-12,119.41,128.53,302.24,220.21,240.33,213.48,121.99
2022-08-15,119.36,128.45,287.28,224.18,235.03,214.39,119.84
2022-08-16,121.16,127.14,283.56,218.94,234.89,217.91,119.8
2022-08-17,122.39,129.0,284.89,215.11,228.33,220.03,119.02
2022-08-18,126.48,131.69,273.6,215.79,230.94,222.43,118.38
2022-08-19,124.02,132.46,274.46,217.73,220.07,221.65,120.73
2022-08-22,125.43,133.96,269.04,216.9,210.11,221.44,122.6
2022-08-23,124.71,131.24,261.4,216.74,205.48,219.99,118.5
2022-08-24,122.64,133.06,262.87,218.07,202.77,217.42,116.72
2022-08-25,124.32,135.76,255.97,215.72,198.13,214.12,118.01
2022-08-26,124.25,138.33,248.86,213.06,194.41,210.08,119.1
2022-08-29,122.77,137.8,248.27,217.4,192.16,208.51,118.47
2022-08-30,121.61,138.35,248.52,220.56,189.87,207.48,116.38
2022-08-31,123.16,138.96,249.63,223.01,190.06,205.67,117.63
2022-09-01,119.59,143.09,247.4,219.38,184.73,205.91,112.93
2022-09-02,120.04,142.98,239.0,219.02,184.73,203.35,109.25
2022-09-05,120.64,142.44,234.74,220.48,182.91,203.29,110.48
2022-09-06,121.35,144.42,229.73,218.58,180.13,209.88,108.72
2022-09-07,120.96,141.96,228.24,220.73,180.87,209.88,108.57
2022-09-08,115.5,138.87,230.61,227.84,177.19,208.98,107.41
2022-09-09,116.84,138.83,228.55,226.04,177.48,211.34,106.35
2022-09-12,113.84,138.59,225.04,225.85,179.97,214.67,105.97
2022-09-13,113.51,139.74,217.04,226.39,174.08,215.82,105.14
2022-09-14,113.98,138.69,218.15,225.32,167.68,214.82,103.53
2022-09-15,112.68,141.76,216.89,226.44,166.67,215.16,104.29
2022-09-16,111.34,143.38,211.21,225.67,163.89,216.42,101.91
2022-09-19,110.75,144.24,208.16,227.21,162.67,218.9,103.85
2022-09-20,110.66,151.16,211.81,227.59,164.44,219.5,102.98
2022-09-21,117.45,146.64,208.19,232.59,162.18,222.37,104.3
2022-09-22,116.75,149.33,202.07,236.41,158.34,223.01,106.32
2022-09-23,116.24,145.17,196.58,236.37,157.4,215.7,105.69
2022-09-26,115.03,146.89,196.58,237.2,157.18,215.11,103.05
2022-09-27,113.96,149.28,193.04,240.65,158.93,212.74,104.31
2022-09-28,113.23,148.81,191.84,244.85,152.89,214.54,104.0
2022-09-29,111.9,151.67,184.8,235.92,149.61,216.35,105.65
2022-09-30,108.75,149.62,178.76,235.46,145.35,215.14,104.26
2022-10-03,108.59,152.46,172.53,233.54,138.58,220.46,112.0
2022-10-04,106.58,152.15,171.8,234.56,138.61,215.21,111.12
2022-10-05,108.39,150.91,172.04,233.55,132.38,209.37,111.6
2022-10-06,105.95,153.13,168.68,230.88,127.8,212.35,110.97
2022-10-07,105.6,154.3,167.26,225.39,123.76,214.22,111.38
2022-10-10,104.74,152.31,168.14,227.79,119.34,216.64,109.79
2022-10-11,103.45,153.58,168.32,231.25,116.1,208.07,110.69
2022-10-12,102.9,152.6,161.66,230.96,114.51,213.86,108.39
2022-10-13,98.9,152.34,161.17,232.14,113.16,214.55,106.37
2022-10-14,100.81,148.0,157.93,230.69,111.01,211.77,107.19
2022-10-17,101.48,144.0,159.54,229.35,109.93,210.85,107.43
2022-10-18,99.37,146.31,157.23,233.01,107.98,209.07,106.45
2022-10-19,99.24,148.39,155.71,234.72,106.6,211.25,108.01
2022-10-20,100.81,144.96,155.29,232.37,105.43,214.52,110.18
2022-10-21,99.18,143.73,153.76,235.91,101.51,212.27,110.36
2022-10-24,99.69,145.45,150.28,241.52,99.41,208.7,112.64
2022-10-25,98.87,147.26,145.5,243.73,98.12,210.27,112.97
2022-10-26,99.79,147.72,144.35,246.49,97.47,208.11,113.41
2022-10-27,102.85,146.46,138.81,249.12,96.36,203.99,114.19
2022-10-28,103.59,145.99,135.97,252.47,93.63,204.23,116.38
2022-10-31,102.5,146.61,135.25,252.11,92.09,210.9,118.05
2022-11-01,90.0,145.78,131.59,257.36,91.46,208.25,119.08
2022-11-02,88.28,147.17,127.93,265.78,88.3,202.55,120.5
2022-11-03,90.63,148.02,125.97,265.42,85.97,201.68,119.96
2022-11-04,91.22,149.13,122.6,264.95,83.47,199.23,122.58
2022-11-07,92.52,153.5,122.54,259.44,82.33,200.6,124.59
2022-11-08,94.43,149.75,121.44,261.84,80.67,197.72,124.89
2022-11-09,96.05,147.04,120.97,261.74,80.11,199.0,126.16
2022-11-10,97.41,147.09,119.29,263.05,77.6,193.96,126.46
2022-11-11,94.92,147.88,115.42,268.95,77.12,196.18,123.2
2022-11-14,92.41,149.22,115.53,269.66,76.21,192.74,124.36
2022-11-15,92.4,145.31,114.03,257.41,73.13,195.47,121.44
2022-11-16,94.49,148.28,110.63,260.43,71.54,195.8,120.09
2022-11-17,97.03,146.57,108.33,260.4,71.33,202.35,119.15
2022-11-18,96.41,148.28,108.99,255.26,69.09,201.53,117.8
2022-11-21,96.37,146.4,106.3,256.98,71.34,202.54,120.6
2022-11-22,97.21,148.43,105.13,263.39,70.66,208.46,125.27
2022-11-23,102.32,149.87,103.77,268.56,68.78,204.36,124.02
2022-11-24,101.26,150.46,101.38,276.63,68.54,207.27,124.06
2022-11-25,99.29,150.06,99.03,287.32,68.17,207.12,122.85
2022-11-28,99.8,149.44,97.76,291.36,66.95,210.37,124.47
2022-11-29,101.52,148.51,97.05,291.57,66.51,209.05,122.15
2022-11-30,100.59,145.52,94.56,296.51,64.81,208.37,123.85
2022-12-01,103.18,144.39,84.0,301.12,88.0,208.49,124.49
2022-12-02,107.21,144.77,82.1,293.99,89.26,211.83,126.84
2022-12-05,105.87,144.83,83.07,300.11,90.3,210.13,130.47
2022-12-06,108.43,148.88,83.18,295.04,91.76,210.66,132.81
2022-12-07,111.52,149.33,83.77,301.71,91.73,209.5,128.72
2022-12-08,110.88,145.0,84.29,306.72,92.6,216.66,132.46
2022-12-09,113.37,143.44,85.87,308.28,92.65,222.11,133.68
2022-12-12,115.22,142.68,87.57,313.07,92.02,216.49,134.27
2022-12-13,118.48,141.27,88.68,307.8,91.93,215.73,135.48
2022-12-14,120.38,141.92,88.24,301.8,90.58,214.71,141.21
2022-12-15,119.04,140.21,89.57,306.57,88.59,207.54,141.06
2022-12-16,118.21,139.39,87.9,310.04,88.37,205.29,145.01
2022-12-19,120.4,137.81,88.44,312.0,87.62,205.1,148.93
2022-12-20,119.48,137.35,88.4,310.01,88.92,210.72,149.69
2022-12-21,119.13,137.58,89.82,308.66,90.97,209.74,151.03
2022-12-22,117.99,135.72,91.5,310.32,89.71,211.11,149.2
2022-12-23,120.33,137.37,92.03,315.01,90.17,206.93,148.58
2022-12-26,121.47,139.35,93.05,309.45,89.36,206.07,149.68
2022-12-27,122.54,138.34,93.85,309.26,89.73,208.0,150.93
2022-12-28,121.26,142.15,95.53,311.03,88.93,208.62,152.63
2022-12-29,122.28,141.85,98.41,304.26,89.71,206.41,151.6
2022-12-30,122.4,140.57,99.4,297.53,93.6,205.09,151.08
2023-01-02,120.0,130.0,95.0,294.0,89.0,239.0,143.0
2023-01-03,121.24,131.76,97.13,288.17,91.64,240.02,139.78
2023-01-04,123.97,132.03,96.81,301.51,93.37,234.78,138.81
2023-01-05,123.79,136.25,98.38,298.52,94.84,239.34,141.24
2023-01-06,128.04,136.68,98.07,307.27,95.55,235.58,141.32
2023-01-09,130.99,136.39,98.25,304.55,97.29,228.65,141.38
2023-01-10,133.48,137.74,99.77,299.25,96.11,226.13,140.38
2023-01-11,127.83,139.66,98.9,292.01,96.18,230.56,141.57
2023-01-12,129.42,141.29,97.28,286.99,96.25,231.94,141.66
2023-01-13,133.62,140.83,98.94,283.44,97.3,231.5,145.94
2023-01-16,129.82,141.01,99.78,289.51,97.71,227.73,147.86
2023-01-17,128.71,142.3,101.8,290.93,98.28,220.42,149.2
2023-01-18,127.92,141.62,101.69,295.72,99.52,224.52,151.0
2023-01-19,129.23,143.31,101.41,300.93,102.16,226.78,153.45
2023-01-20,129.3,142.85,103.23,304.04,102.69,230.26,156.62
2023-01-23,128.85,146.97,103.77,302.89,101.6,224.84,152.61
2023-01-24,128.22,148.98,103.24,301.45,103.4,230.22,151.26
2023-01-25,131.36,149.96,103.2,313.17,103.68,234.0,156.5
2023-01-26,131.78,149.37,102.19,309.48,105.41,227.76,158.94
2023-01-27,130.06,151.1,103.74,311.44,106.88,220.83,162.53
2023-01-30,128.3,152.55,106.87,315.44,105.45,216.81,162.92
2023-01-31,130.01,152.44,104.95,326.81,105.17,222.2,164.62
2023-02-01,129.15,154.67,103.21,332.53,102.85,217.4,166.65
2023-02-02,128.41,156.51,103.73,344.6,102.29,220.92,169.45
2023-02-03,125.85,159.59,103.82,347.81,101.27,222.92,171.76
2023-02-06,128.04,161.5,104.13,341.36,102.7,221.89,167.87
2023-02-07,129.06,162.63,103.82,332.66,103.36,228.91,166.42
2023-02-08,127.47,160.31,103.53,337.17,105.12,221.2,171.32
2023-02-09,126.74,163.3,104.3,340.35,103.43,221.37,173.92
2023-02-10,123.9,163.4,107.06,328.79,104.33,221.17,175.86
2023-02-13,123.34,164.9,104.4,337.56,103.79,225.53,173.49
2023-02-14,124.55,170.46,105.71,342.18,102.59,228.68,171.47
2023-02-15,126.87,166.97,105.09,345.13,102.51,229.38,173.56
2023-02-16,129.38,163.72,107.5,342.18,102.4,227.31,176.65
2023-02-17,131.38,167.51,106.62,349.54,101.43,229.75,176.91
2023-02-20,134.91,166.04,106.75,357.6,104.34,230.59,180.65
2023-02-21,135.84,166.05,107.23,356.18,107.69,229.78,183.36
2023-02-22,134.52,166.08,107.45,354.18,110.77,229.61,186.07
2023-02-23,135.89,165.86,107.27,353.72,112.04,229.49,192.43
2023-02-24,131.19,169.06,107.87,344.62,111.69,224.32,191.15
2023-02-27,133.36,169.95,106.88,347.3,112.0,219.85,187.98
2023-02-28,135.24,176.35,105.17,347.54,113.53,225.52,188.32
2023-03-01,133.91,178.51,102.18,339.18,113.4,233.44,192.35
2023-03-02,136.43,177.67,103.66,338.12,116.53,232.97,195.77
2023-03-03,137.64,176.2,102.47,347.61,116.95,236.5,197.84
2023-03-06,142.55,176.99,103.02,339.35,118.48,232.92,197.03
2023-03-07,143.21,181.05,105.43,345.48,120.44,234.39,195.52
2023-03-08,148.63,177.43,104.34,341.99,120.06,237.86,196.03
2023-03-09,149.9,181.99,104.96,331.61,121.93,239.88,200.85
2023-03-10,150.51,178.21,105.26,330.56,122.49,240.37,197.78
2023-03-13,152.43,177.58,105.8,332.54,124.46,244.52,201.16
2023-03-14,152.21,180.19,106.79,329.68,127.85,248.98,209.12
2023-03-15,154.5,180.53,106.18,340.84,128.3,247.67,207.4
2023-03-16,155.83,182.5,108.6,345.0,127.96,245.45,210.79
2023-03-17,153.7,184.84,109.06,346.6,125.81,246.41,212.62
2023-03-20,156.91,183.76,108.75,349.26,127.58,251.6,214.44
2023-03-21,158.31,184.43,109.53,351.53,125.79,254.93,214.6
2023-03-22,160.39,179.72,109.13,343.49,124.76,257.61,220.56
2023-03-23,161.72,179.91,107.76,347.33,122.58,254.92,222.69
2023-03-24,160.99,180.36,107.23,354.18,123.26,248.84,226.17
2023-03-27,159.26,180.91,111.15,354.98,122.98,249.56,232.36
2023-03-28,157.83,177.7,109.26,352.76,128.12,254.53,238.73
2023-03-29,160.25,177.47,109.61,348.8,125.67,251.97,244.4
2023-03-30,157.51,179.39,108.84,344.25,129.01,250.49,246.2
2023-03-31,156.77,180.36,107.3,345.36,128.44,251.36,242.66
2023-04-03,156.63,180.5,108.22,346.48,132.71,255.22,238.17
2023-04-04,162.8,183.83,107.09,343.34,130.29,255.32,244.66
2023-04-05,166.81,181.76,107.01,347.58,131.54,262.39,248.06
2023-04-06,167.29,183.03,107.94,348.34,130.72,259.23,242.51
2023-04-07,165.39,184.21,107.34,354.0,132.89,260.05,244.64
2023-04-10,166.02,185.11,105.16,346.54,130.54,259.21,248.35
2023-04-11,167.64,188.02,105.25,345.07,127.82,258.47,250.01
2023-04-12,172.82,190.74,107.17,341.84,127.41,258.0,249.75
2023-04-13,174.2,189.55,108.12,344.02,127.87,261.5,247.46
2023-04-14,170.97,187.27,107.68,344.38,125.16,265.78,249.83
2023-04-17,174.84,193.34,109.1,334.21,126.86,261.05,248.71
2023-04-18,177.14,194.34,112.21,333.05,128.03,264.95,254.43
2023-04-19,178.78,193.78,109.7,338.72,128.39,263.48,252.58
2023-04-20,171.81,192.87,109.77,335.62,128.8,265.79,255.06
2023-04-21,170.67,186.56,109.98,338.58,131.86,273.81,253.93
2023-04-24,171.3,187.07,111.02,354.18,133.82,274.33,264.83
2023-04-25,171.56,189.25,113.3,363.21,134.11,268.33,266.47
2023-04-26,171.43,188.6,113.4,373.58,134.5,269.45,262.45
2023-04-27,169.69,190.68,115.05,368.18,134.86,274.97,261.92
2023-04-28,167.46,190.14,114.19,365.42,134.58,280.84,266.34
2023-05-01,168.13,191.88,113.38,368.66,134.72,279.13,268.87
2023-05-02,165.31,193.27,114.06,366.31,136.43,278.69,272.46
2023-05-03,167.96,192.44,115.47,371.72,137.17,271.23,279.06
2023-05-04,173.62,189.51,114.08,366.75,137.39,269.83,281.86
2023-05-05,172.58,190.42,112.06,365.83,137.74,277.87,289.8
2023-05-08,174.49,190.45,112.9,359.97,134.0,285.03,298.94
2023-05-09,174.95,190.18,111.68,360.71,133.79,287.59,299.0
2023-05-10,179.68,188.83,112.66,365.68,134.41,284.12,301.8
2023-05-11,179.92,190.05,113.5,360.88,133.1,282.59,299.29
2023-05-12,180.56,189.99,116.78,364.65,130.89,292.34,311.01
2023-05-15,181.93,191.49,119.36,368.32,131.52,290.79,304.5
2023-05-16,183.66,189.1,119.63,370.69,132.14,295.24,300.56
2023-05-17,184.79,191.23,119.92,371.7,133.28,290.29,299.62
2023-05-18,187.85,191.32,122.83,379.01,137.33,294.55,303.36
2023-05-19,191.39,194.11,120.82,378.82,135.4,298.36,305.46
2023-05-22,192.8,191.94,120.07,386.36,133.85,293.85,308.83
2023-05-23,194.3,194.64,120.8,389.64,135.68,297.53,308.05
2023-05-24,195.85,198.03,119.57,385.52,138.69,303.21,313.26
2023-05-25,198.97,197.95,118.91,398.35,137.31,307.92,318.87
2023-05-26,204.06,198.49,120.15,404.27,141.09,311.14,321.46
2023-05-29,204.17,195.94,123.15,412.14,142.64,310.29,325.6
2023-05-30,207.88,198.05,125.97,405.87,145.24,310.21,338.9
2023-05-31,214.77,199.65,128.88,404.97,144.34,305.58,358.18
2023-06-01,218.17,200.74,128.34,414.89,142.37,307.34,362.35
2023-06-02,220.8,204.43,128.94,409.06,138.3,299.01,380.55
2023-06-05,222.5,203.66,130.62,420.66,137.66,299.35,384.81
2023-06-06,225.96,201.59,129.27,416.73,138.65,296.32,391.06
2023-06-07,227.38,202.17,128.63,423.52,138.96,290.61,392.58
2023-06-08,225.17,193.67,128.64,418.97,139.78,299.73,403.94
2023-06-09,227.42,197.45,127.76,423.5,140.5,288.71,401.54
2023-06-12,235.33,197.04,125.58,430.51,135.97,299.89,413.2
2023-06-13,242.52,196.28,124.95,429.71,133.86,305.15,420.88
2023-06-14,239.85,199.75,124.22,430.02,132.98,301.67,412.08
2023-06-15,236.92,201.91,125.75,434.68,132.86,299.88,415.55
2023-06-16,239.45,200.93,126.05,442.06,132.76,309.52,411.85
2023-06-19,247.12,202.93,126.71,450.77,133.77,301.19,414.88
2023-06-20,249.92,205.11,125.01,448.84,132.76,300.72,412.78
2023-06-21,247.42,208.66,124.02,445.32,131.97,301.87,414.55
2023-06-22,244.61,210.9,126.35,454.39,129.96,301.91,421.18
2023-06-23,244.84,212.38,127.09,466.38,129.71,307.74,433.28
2023-06-26,247.01,210.66,128.34,475.84,129.77,303.94,444.82
2023-06-27,252.48,213.87,129.09,481.03,132.23,295.34,442.48
2023-06-28,252.43,218.62,129.58,476.32,130.46,293.39,435.76
2023-06-29,252.06,215.34,127.03,490.55,134.01,294.0,433.59
2023-06-30,251.13,215.43,127.28,480.19,133.93,298.2,440.08
2023-07-03,253.75,214.7,126.84,485.65,134.12,290.0,444.19
2023-07-04,256.54,212.56,127.0,485.8,134.5,285.47,444.48
2023-07-05,257.34,211.92,128.31,482.65,136.47,286.37,460.75
2023-07-06,258.94,215.89,127.08,496.43,133.16,283.93,460.88
2023-07-07,258.32,217.45,125.48,491.67,132.22,288.55,470.49
2023-07-10,257.79,216.55,125.56,482.67,134.04,294.91,471.47
2023-07-11,259.92,216.54,126.78,489.85,131.69,295.83,479.84
2023-07-12,260.95,218.39,126.99,490.68,134.53,290.87,491.79
2023-07-13,258.34,219.86,125.27,499.39,133.46,291.08,494.53
2023-07-14,259.33,215.91,126.4,506.2,134.59,297.37,505.23
2023-07-17,258.97,210.84,126.05,511.91,136.72,303.5,521.63
2023-07-18,257.58,207.45,126.78,529.82,135.09,311.56,524.99
2023-07-19,264.08,206.42,130.39,531.58,136.22,302.39,526.28
2023-07-20,269.76,214.48,132.02,543.88,134.68,296.4,528.0
2023-07-21,276.37,220.69,134.78,539.72,135.36,304.79,534.08
2023-07-24,273.69,220.4,135.73,541.35,136.41,306.23,540.56
2023-07-25,272.22,218.41,133.69,534.02,135.58,301.24,537.41
2023-07-26,273.26,214.62,131.96,539.62,136.45,304.0,533.79
2023-07-27,270.14,216.01,126.83,541.39,138.0,302.86,551.96
2023-07-28,276.64,219.39,127.24,544.29,137.08,298.96,544.74
